INSERT INTO cinema.movie (id, name, duration) VALUES (1, 'Титаник', 194);
INSERT INTO cinema.movie (id, name, duration) VALUES (2, 'Гравитация', 90);
INSERT INTO cinema.movie (id, name, duration) VALUES (3, 'Движение вверх', 133);
INSERT INTO cinema.movie (id, name, duration) VALUES (4, 'Чемпион мира', 145);

INSERT INTO cinema.seat (id, type) VALUES (1, 'economical');
INSERT INTO cinema.seat (id, type) VALUES (3, 'premium');
INSERT INTO cinema.seat (id, type) VALUES (2, 'standard');

INSERT INTO cinema.auditorium (id, name) VALUES (4, 'Белый');
INSERT INTO cinema.auditorium (id, name) VALUES (3, 'Зеленый');
INSERT INTO cinema.auditorium (id, name) VALUES (2, 'Красный');
INSERT INTO cinema.auditorium (id, name) VALUES (1, 'Синий');

INSERT INTO cinema.session (id, movie_id, start, auditorium_id) VALUES (1, 1, '09:00:00', 4);
INSERT INTO cinema.session (id, movie_id, start, auditorium_id) VALUES (2, 1, '12:30:00', 4);
INSERT INTO cinema.session (id, movie_id, start, auditorium_id) VALUES (3, 1, '16:00:00', 4);
INSERT INTO cinema.session (id, movie_id, start, auditorium_id) VALUES (4, 1, '19:30:00', 4);
INSERT INTO cinema.session (id, movie_id, start, auditorium_id) VALUES (6, 2, '09:00:00', 1);
INSERT INTO cinema.session (id, movie_id, start, auditorium_id) VALUES (7, 2, '10:45:00', 1);
INSERT INTO cinema.session (id, movie_id, start, auditorium_id) VALUES (8, 2, '12:30:00', 1);
INSERT INTO cinema.session (id, movie_id, start, auditorium_id) VALUES (9, 2, '14:15:00', 1);
INSERT INTO cinema.session (id, movie_id, start, auditorium_id) VALUES (10, 2, '16:00:00', 1);
INSERT INTO cinema.session (id, movie_id, start, auditorium_id) VALUES (12, 2, '17:45:00', 1);
INSERT INTO cinema.session (id, movie_id, start, auditorium_id) VALUES (13, 2, '19:30:00', 1);
INSERT INTO cinema.session (id, movie_id, start, auditorium_id) VALUES (14, 2, '21:15:00', 1);
INSERT INTO cinema.session (id, movie_id, start, auditorium_id) VALUES (15, 3, '09:00:00', 2);
INSERT INTO cinema.session (id, movie_id, start, auditorium_id) VALUES (16, 3, '11:30:00', 2);
INSERT INTO cinema.session (id, movie_id, start, auditorium_id) VALUES (17, 3, '14:00:00', 2);
INSERT INTO cinema.session (id, movie_id, start, auditorium_id) VALUES (18, 3, '16:30:00', 2);
INSERT INTO cinema.session (id, movie_id, start, auditorium_id) VALUES (19, 3, '19:00:00', 2);
INSERT INTO cinema.session (id, movie_id, start, auditorium_id) VALUES (20, 3, '21:30:00', 2);
INSERT INTO cinema.session (id, movie_id, start, auditorium_id) VALUES (21, 4, '09:00:00', 3);
INSERT INTO cinema.session (id, movie_id, start, auditorium_id) VALUES (22, 4, '11:45:00', 3);
INSERT INTO cinema.session (id, movie_id, start, auditorium_id) VALUES (23, 4, '14:30:00', 3);
INSERT INTO cinema.session (id, movie_id, start, auditorium_id) VALUES (24, 4, '17:15:00', 3);
INSERT INTO cinema.session (id, movie_id, start, auditorium_id) VALUES (25, 4, '20:00:00', 3);

INSERT INTO cinema.ticket (id, session_id, seat_id, price) VALUES (1, 1, 1, 10.00);
INSERT INTO cinema.ticket (id, session_id, seat_id, price) VALUES (2, 1, 2, 11.00);
INSERT INTO cinema.ticket (id, session_id, seat_id, price) VALUES (3, 1, 3, 13.00);
INSERT INTO cinema.ticket (id, session_id, seat_id, price) VALUES (4, 2, 1, 10.00);
INSERT INTO cinema.ticket (id, session_id, seat_id, price) VALUES (5, 2, 2, 11.00);
INSERT INTO cinema.ticket (id, session_id, seat_id, price) VALUES (6, 2, 3, 13.00);
INSERT INTO cinema.ticket (id, session_id, seat_id, price) VALUES (7, 3, 1, 12.00);
INSERT INTO cinema.ticket (id, session_id, seat_id, price) VALUES (8, 3, 2, 13.00);
INSERT INTO cinema.ticket (id, session_id, seat_id, price) VALUES (9, 3, 3, 15.00);
INSERT INTO cinema.ticket (id, session_id, seat_id, price) VALUES (10, 4, 1, 12.50);
INSERT INTO cinema.ticket (id, session_id, seat_id, price) VALUES (11, 4, 2, 14.00);
INSERT INTO cinema.ticket (id, session_id, seat_id, price) VALUES (12, 4, 3, 15.50);
INSERT INTO cinema.ticket (id, session_id, seat_id, price) VALUES (13, 6, 1, 6.50);
INSERT INTO cinema.ticket (id, session_id, seat_id, price) VALUES (14, 6, 2, 7.00);
INSERT INTO cinema.ticket (id, session_id, seat_id, price) VALUES (15, 6, 3, 7.50);
INSERT INTO cinema.ticket (id, session_id, seat_id, price) VALUES (16, 7, 1, 6.50);
INSERT INTO cinema.ticket (id, session_id, seat_id, price) VALUES (17, 7, 2, 7.00);
INSERT INTO cinema.ticket (id, session_id, seat_id, price) VALUES (18, 7, 3, 7.50);
INSERT INTO cinema.ticket (id, session_id, seat_id, price) VALUES (19, 8, 1, 6.50);
INSERT INTO cinema.ticket (id, session_id, seat_id, price) VALUES (20, 8, 2, 7.00);
INSERT INTO cinema.ticket (id, session_id, seat_id, price) VALUES (21, 8, 3, 7.50);
INSERT INTO cinema.ticket (id, session_id, seat_id, price) VALUES (22, 9, 1, 6.50);
INSERT INTO cinema.ticket (id, session_id, seat_id, price) VALUES (23, 9, 2, 7.00);
INSERT INTO cinema.ticket (id, session_id, seat_id, price) VALUES (24, 9, 3, 7.50);
INSERT INTO cinema.ticket (id, session_id, seat_id, price) VALUES (25, 10, 1, 8.00);
INSERT INTO cinema.ticket (id, session_id, seat_id, price) VALUES (26, 10, 2, 8.50);
INSERT INTO cinema.ticket (id, session_id, seat_id, price) VALUES (27, 10, 3, 9.00);
INSERT INTO cinema.ticket (id, session_id, seat_id, price) VALUES (28, 12, 1, 9.00);
INSERT INTO cinema.ticket (id, session_id, seat_id, price) VALUES (29, 12, 2, 9.50);
INSERT INTO cinema.ticket (id, session_id, seat_id, price) VALUES (30, 12, 3, 10.00);
INSERT INTO cinema.ticket (id, session_id, seat_id, price) VALUES (31, 13, 1, 9.00);
INSERT INTO cinema.ticket (id, session_id, seat_id, price) VALUES (32, 13, 2, 9.50);
INSERT INTO cinema.ticket (id, session_id, seat_id, price) VALUES (33, 13, 3, 10.00);
INSERT INTO cinema.ticket (id, session_id, seat_id, price) VALUES (34, 14, 1, 8.00);
INSERT INTO cinema.ticket (id, session_id, seat_id, price) VALUES (35, 14, 2, 8.50);
INSERT INTO cinema.ticket (id, session_id, seat_id, price) VALUES (36, 14, 3, 9.00);
INSERT INTO cinema.ticket (id, session_id, seat_id, price) VALUES (37, 15, 1, 8.00);
INSERT INTO cinema.ticket (id, session_id, seat_id, price) VALUES (38, 15, 2, 8.50);
INSERT INTO cinema.ticket (id, session_id, seat_id, price) VALUES (39, 15, 3, 9.00);
INSERT INTO cinema.ticket (id, session_id, seat_id, price) VALUES (40, 16, 1, 8.00);
INSERT INTO cinema.ticket (id, session_id, seat_id, price) VALUES (41, 16, 2, 8.50);
INSERT INTO cinema.ticket (id, session_id, seat_id, price) VALUES (42, 16, 3, 9.00);
INSERT INTO cinema.ticket (id, session_id, seat_id, price) VALUES (43, 17, 1, 9.00);
INSERT INTO cinema.ticket (id, session_id, seat_id, price) VALUES (44, 17, 2, 9.50);
INSERT INTO cinema.ticket (id, session_id, seat_id, price) VALUES (45, 17, 3, 10.00);
INSERT INTO cinema.ticket (id, session_id, seat_id, price) VALUES (46, 18, 1, 9.50);
INSERT INTO cinema.ticket (id, session_id, seat_id, price) VALUES (47, 18, 2, 10.00);
INSERT INTO cinema.ticket (id, session_id, seat_id, price) VALUES (48, 18, 3, 10.50);
INSERT INTO cinema.ticket (id, session_id, seat_id, price) VALUES (49, 19, 1, 10.00);
INSERT INTO cinema.ticket (id, session_id, seat_id, price) VALUES (50, 19, 2, 11.00);
INSERT INTO cinema.ticket (id, session_id, seat_id, price) VALUES (51, 19, 3, 12.00);
INSERT INTO cinema.ticket (id, session_id, seat_id, price) VALUES (52, 20, 1, 9.50);
INSERT INTO cinema.ticket (id, session_id, seat_id, price) VALUES (53, 20, 2, 10.00);
INSERT INTO cinema.ticket (id, session_id, seat_id, price) VALUES (54, 20, 3, 10.50);
INSERT INTO cinema.ticket (id, session_id, seat_id, price) VALUES (55, 21, 1, 5.00);
INSERT INTO cinema.ticket (id, session_id, seat_id, price) VALUES (56, 21, 2, 6.00);
INSERT INTO cinema.ticket (id, session_id, seat_id, price) VALUES (57, 21, 3, 7.00);
INSERT INTO cinema.ticket (id, session_id, seat_id, price) VALUES (58, 22, 1, 5.00);
INSERT INTO cinema.ticket (id, session_id, seat_id, price) VALUES (59, 22, 2, 6.00);
INSERT INTO cinema.ticket (id, session_id, seat_id, price) VALUES (60, 22, 3, 7.00);
INSERT INTO cinema.ticket (id, session_id, seat_id, price) VALUES (61, 23, 1, 5.00);
INSERT INTO cinema.ticket (id, session_id, seat_id, price) VALUES (62, 23, 2, 6.00);
INSERT INTO cinema.ticket (id, session_id, seat_id, price) VALUES (63, 23, 3, 7.00);
INSERT INTO cinema.ticket (id, session_id, seat_id, price) VALUES (64, 24, 1, 8.00);
INSERT INTO cinema.ticket (id, session_id, seat_id, price) VALUES (65, 24, 2, 8.50);
INSERT INTO cinema.ticket (id, session_id, seat_id, price) VALUES (66, 24, 3, 9.00);
INSERT INTO cinema.ticket (id, session_id, seat_id, price) VALUES (67, 25, 1, 8.00);
INSERT INTO cinema.ticket (id, session_id, seat_id, price) VALUES (68, 25, 2, 8.50);
INSERT INTO cinema.ticket (id, session_id, seat_id, price) VALUES (69, 25, 3, 9.00);

INSERT INTO cinema.`order` (id, date, ticket_id, quantity) VALUES (1, '2024-03-01', 1, 15);
INSERT INTO cinema.`order` (id, date, ticket_id, quantity) VALUES (2, '2024-03-01', 2, 10);
INSERT INTO cinema.`order` (id, date, ticket_id, quantity) VALUES (3, '2024-03-01', 3, 5);
INSERT INTO cinema.`order` (id, date, ticket_id, quantity) VALUES (4, '2024-03-01', 4, 18);
INSERT INTO cinema.`order` (id, date, ticket_id, quantity) VALUES (5, '2024-03-01', 5, 10);
INSERT INTO cinema.`order` (id, date, ticket_id, quantity) VALUES (6, '2024-03-01', 6, 10);
INSERT INTO cinema.`order` (id, date, ticket_id, quantity) VALUES (7, '2024-03-01', 7, 80);
INSERT INTO cinema.`order` (id, date, ticket_id, quantity) VALUES (8, '2024-03-01', 8, 80);
INSERT INTO cinema.`order` (id, date, ticket_id, quantity) VALUES (9, '2024-03-01', 9, 70);
INSERT INTO cinema.`order` (id, date, ticket_id, quantity) VALUES (10, '2024-03-01', 10, 55);
INSERT INTO cinema.`order` (id, date, ticket_id, quantity) VALUES (11, '2024-03-01', 11, 40);
INSERT INTO cinema.`order` (id, date, ticket_id, quantity) VALUES (12, '2024-03-01', 12, 30);
INSERT INTO cinema.`order` (id, date, ticket_id, quantity) VALUES (13, '2024-03-01', 13, 20);
INSERT INTO cinema.`order` (id, date, ticket_id, quantity) VALUES (14, '2024-03-01', 14, 25);
INSERT INTO cinema.`order` (id, date, ticket_id, quantity) VALUES (15, '2024-03-01', 15, 30);
INSERT INTO cinema.`order` (id, date, ticket_id, quantity) VALUES (16, '2024-03-01', 16, 40);
INSERT INTO cinema.`order` (id, date, ticket_id, quantity) VALUES (17, '2024-03-01', 17, 30);
INSERT INTO cinema.`order` (id, date, ticket_id, quantity) VALUES (18, '2024-03-01', 18, 30);
INSERT INTO cinema.`order` (id, date, ticket_id, quantity) VALUES (19, '2024-03-01', 19, 20);
INSERT INTO cinema.`order` (id, date, ticket_id, quantity) VALUES (20, '2024-03-01', 20, 70);
INSERT INTO cinema.`order` (id, date, ticket_id, quantity) VALUES (21, '2024-03-01', 21, 50);
INSERT INTO cinema.`order` (id, date, ticket_id, quantity) VALUES (22, '2024-03-01', 22, 80);
INSERT INTO cinema.`order` (id, date, ticket_id, quantity) VALUES (23, '2024-03-01', 23, 18);
INSERT INTO cinema.`order` (id, date, ticket_id, quantity) VALUES (24, '2024-03-01', 24, 32);
INSERT INTO cinema.`order` (id, date, ticket_id, quantity) VALUES (25, '2024-03-01', 25, 28);
INSERT INTO cinema.`order` (id, date, ticket_id, quantity) VALUES (26, '2024-03-01', 26, 45);
INSERT INTO cinema.`order` (id, date, ticket_id, quantity) VALUES (27, '2024-03-01', 27, 45);
INSERT INTO cinema.`order` (id, date, ticket_id, quantity) VALUES (28, '2024-03-01', 28, 45);
INSERT INTO cinema.`order` (id, date, ticket_id, quantity) VALUES (29, '2024-03-01', 29, 90);
INSERT INTO cinema.`order` (id, date, ticket_id, quantity) VALUES (30, '2024-03-01', 30, 80);
INSERT INTO cinema.`order` (id, date, ticket_id, quantity) VALUES (31, '2024-03-01', 31, 70);
INSERT INTO cinema.`order` (id, date, ticket_id, quantity) VALUES (32, '2024-03-01', 32, 55);
INSERT INTO cinema.`order` (id, date, ticket_id, quantity) VALUES (33, '2024-03-01', 33, 60);
INSERT INTO cinema.`order` (id, date, ticket_id, quantity) VALUES (34, '2024-03-01', 34, 70);
INSERT INTO cinema.`order` (id, date, ticket_id, quantity) VALUES (35, '2024-03-01', 35, 50);
INSERT INTO cinema.`order` (id, date, ticket_id, quantity) VALUES (36, '2024-03-01', 36, 55);
INSERT INTO cinema.`order` (id, date, ticket_id, quantity) VALUES (37, '2024-03-01', 37, 50);
INSERT INTO cinema.`order` (id, date, ticket_id, quantity) VALUES (38, '2024-03-01', 38, 60);
INSERT INTO cinema.`order` (id, date, ticket_id, quantity) VALUES (39, '2024-03-01', 39, 50);
INSERT INTO cinema.`order` (id, date, ticket_id, quantity) VALUES (40, '2024-03-01', 40, 60);
INSERT INTO cinema.`order` (id, date, ticket_id, quantity) VALUES (41, '2024-03-01', 41, 51);
INSERT INTO cinema.`order` (id, date, ticket_id, quantity) VALUES (42, '2024-03-01', 42, 40);
INSERT INTO cinema.`order` (id, date, ticket_id, quantity) VALUES (43, '2024-03-01', 43, 37);
INSERT INTO cinema.`order` (id, date, ticket_id, quantity) VALUES (44, '2024-03-01', 44, 38);
INSERT INTO cinema.`order` (id, date, ticket_id, quantity) VALUES (45, '2024-03-01', 45, 40);
INSERT INTO cinema.`order` (id, date, ticket_id, quantity) VALUES (46, '2024-03-01', 46, 56);
INSERT INTO cinema.`order` (id, date, ticket_id, quantity) VALUES (47, '2024-03-01', 47, 57);
INSERT INTO cinema.`order` (id, date, ticket_id, quantity) VALUES (48, '2024-03-01', 48, 58);
INSERT INTO cinema.`order` (id, date, ticket_id, quantity) VALUES (49, '2024-03-01', 49, 85);
INSERT INTO cinema.`order` (id, date, ticket_id, quantity) VALUES (50, '2024-03-01', 50, 65);
INSERT INTO cinema.`order` (id, date, ticket_id, quantity) VALUES (51, '2024-03-01', 51, 60);
INSERT INTO cinema.`order` (id, date, ticket_id, quantity) VALUES (52, '2024-03-01', 52, 50);
INSERT INTO cinema.`order` (id, date, ticket_id, quantity) VALUES (53, '2024-03-01', 53, 70);
INSERT INTO cinema.`order` (id, date, ticket_id, quantity) VALUES (54, '2024-03-01', 54, 70);
INSERT INTO cinema.`order` (id, date, ticket_id, quantity) VALUES (55, '2024-03-01', 55, 20);
INSERT INTO cinema.`order` (id, date, ticket_id, quantity) VALUES (56, '2024-03-01', 56, 20);
INSERT INTO cinema.`order` (id, date, ticket_id, quantity) VALUES (57, '2024-03-01', 57, 30);
INSERT INTO cinema.`order` (id, date, ticket_id, quantity) VALUES (58, '2024-03-01', 58, 40);
INSERT INTO cinema.`order` (id, date, ticket_id, quantity) VALUES (59, '2024-03-01', 59, 40);
INSERT INTO cinema.`order` (id, date, ticket_id, quantity) VALUES (60, '2024-03-01', 60, 50);
INSERT INTO cinema.`order` (id, date, ticket_id, quantity) VALUES (61, '2024-03-01', 61, 55);
INSERT INTO cinema.`order` (id, date, ticket_id, quantity) VALUES (62, '2024-03-01', 62, 55);
INSERT INTO cinema.`order` (id, date, ticket_id, quantity) VALUES (63, '2024-03-01', 63, 65);
INSERT INTO cinema.`order` (id, date, ticket_id, quantity) VALUES (64, '2024-03-01', 64, 60);
INSERT INTO cinema.`order` (id, date, ticket_id, quantity) VALUES (65, '2024-03-01', 65, 63);
INSERT INTO cinema.`order` (id, date, ticket_id, quantity) VALUES (66, '2024-03-01', 66, 64);
INSERT INTO cinema.`order` (id, date, ticket_id, quantity) VALUES (67, '2024-03-01', 67, 70);
INSERT INTO cinema.`order` (id, date, ticket_id, quantity) VALUES (68, '2024-03-01', 68, 50);
INSERT INTO cinema.`order` (id, date, ticket_id, quantity) VALUES (69, '2024-03-01', 69, 30);
INSERT INTO cinema.`order` (id, date, ticket_id, quantity) VALUES (70, '2024-03-02', 1, 18);
INSERT INTO cinema.`order` (id, date, ticket_id, quantity) VALUES (71, '2024-03-02', 2, 10);
INSERT INTO cinema.`order` (id, date, ticket_id, quantity) VALUES (72, '2024-03-02', 3, 12);
INSERT INTO cinema.`order` (id, date, ticket_id, quantity) VALUES (73, '2024-03-02', 4, 18);
INSERT INTO cinema.`order` (id, date, ticket_id, quantity) VALUES (74, '2024-03-02', 5, 10);
INSERT INTO cinema.`order` (id, date, ticket_id, quantity) VALUES (75, '2024-03-02', 6, 10);
INSERT INTO cinema.`order` (id, date, ticket_id, quantity) VALUES (76, '2024-03-02', 7, 77);
INSERT INTO cinema.`order` (id, date, ticket_id, quantity) VALUES (77, '2024-03-02', 8, 80);
INSERT INTO cinema.`order` (id, date, ticket_id, quantity) VALUES (78, '2024-03-02', 9, 70);
INSERT INTO cinema.`order` (id, date, ticket_id, quantity) VALUES (79, '2024-03-02', 10, 55);
INSERT INTO cinema.`order` (id, date, ticket_id, quantity) VALUES (80, '2024-03-02', 11, 33);
INSERT INTO cinema.`order` (id, date, ticket_id, quantity) VALUES (81, '2024-03-02', 12, 30);
INSERT INTO cinema.`order` (id, date, ticket_id, quantity) VALUES (82, '2024-03-02', 13, 20);
INSERT INTO cinema.`order` (id, date, ticket_id, quantity) VALUES (83, '2024-03-02', 14, 25);
INSERT INTO cinema.`order` (id, date, ticket_id, quantity) VALUES (84, '2024-03-02', 15, 30);
INSERT INTO cinema.`order` (id, date, ticket_id, quantity) VALUES (85, '2024-03-02', 16, 25);
INSERT INTO cinema.`order` (id, date, ticket_id, quantity) VALUES (86, '2024-03-02', 17, 30);
INSERT INTO cinema.`order` (id, date, ticket_id, quantity) VALUES (87, '2024-03-02', 18, 30);
INSERT INTO cinema.`order` (id, date, ticket_id, quantity) VALUES (88, '2024-03-02', 19, 20);
INSERT INTO cinema.`order` (id, date, ticket_id, quantity) VALUES (89, '2024-03-02', 20, 50);
INSERT INTO cinema.`order` (id, date, ticket_id, quantity) VALUES (90, '2024-03-02', 21, 50);
INSERT INTO cinema.`order` (id, date, ticket_id, quantity) VALUES (91, '2024-03-02', 22, 58);
INSERT INTO cinema.`order` (id, date, ticket_id, quantity) VALUES (92, '2024-03-02', 23, 18);
INSERT INTO cinema.`order` (id, date, ticket_id, quantity) VALUES (93, '2024-03-02', 24, 32);
INSERT INTO cinema.`order` (id, date, ticket_id, quantity) VALUES (94, '2024-03-02', 25, 28);
INSERT INTO cinema.`order` (id, date, ticket_id, quantity) VALUES (95, '2024-03-02', 26, 45);
INSERT INTO cinema.`order` (id, date, ticket_id, quantity) VALUES (96, '2024-03-02', 27, 40);
INSERT INTO cinema.`order` (id, date, ticket_id, quantity) VALUES (97, '2024-03-02', 28, 45);
INSERT INTO cinema.`order` (id, date, ticket_id, quantity) VALUES (98, '2024-03-02', 29, 88);
INSERT INTO cinema.`order` (id, date, ticket_id, quantity) VALUES (99, '2024-03-02', 30, 80);
INSERT INTO cinema.`order` (id, date, ticket_id, quantity) VALUES (100, '2024-03-02', 31, 70);
INSERT INTO cinema.`order` (id, date, ticket_id, quantity) VALUES (101, '2024-03-02', 32, 55);
INSERT INTO cinema.`order` (id, date, ticket_id, quantity) VALUES (102, '2024-03-02', 33, 60);
INSERT INTO cinema.`order` (id, date, ticket_id, quantity) VALUES (103, '2024-03-02', 34, 70);
INSERT INTO cinema.`order` (id, date, ticket_id, quantity) VALUES (104, '2024-03-02', 35, 50);
INSERT INTO cinema.`order` (id, date, ticket_id, quantity) VALUES (105, '2024-03-02', 36, 55);
INSERT INTO cinema.`order` (id, date, ticket_id, quantity) VALUES (106, '2024-03-02', 37, 50);
INSERT INTO cinema.`order` (id, date, ticket_id, quantity) VALUES (107, '2024-03-02', 38, 60);
INSERT INTO cinema.`order` (id, date, ticket_id, quantity) VALUES (108, '2024-03-02', 39, 50);
INSERT INTO cinema.`order` (id, date, ticket_id, quantity) VALUES (109, '2024-03-02', 40, 60);
INSERT INTO cinema.`order` (id, date, ticket_id, quantity) VALUES (110, '2024-03-02', 41, 51);
INSERT INTO cinema.`order` (id, date, ticket_id, quantity) VALUES (111, '2024-03-02', 42, 40);
INSERT INTO cinema.`order` (id, date, ticket_id, quantity) VALUES (112, '2024-03-02', 43, 68);
INSERT INTO cinema.`order` (id, date, ticket_id, quantity) VALUES (113, '2024-03-02', 44, 38);
INSERT INTO cinema.`order` (id, date, ticket_id, quantity) VALUES (114, '2024-03-02', 45, 40);
INSERT INTO cinema.`order` (id, date, ticket_id, quantity) VALUES (115, '2024-03-02', 46, 46);
INSERT INTO cinema.`order` (id, date, ticket_id, quantity) VALUES (116, '2024-03-02', 47, 57);
INSERT INTO cinema.`order` (id, date, ticket_id, quantity) VALUES (117, '2024-03-02', 48, 58);
INSERT INTO cinema.`order` (id, date, ticket_id, quantity) VALUES (118, '2024-03-02', 49, 85);
INSERT INTO cinema.`order` (id, date, ticket_id, quantity) VALUES (119, '2024-03-02', 50, 65);
INSERT INTO cinema.`order` (id, date, ticket_id, quantity) VALUES (120, '2024-03-02', 51, 60);
INSERT INTO cinema.`order` (id, date, ticket_id, quantity) VALUES (121, '2024-03-02', 52, 50);
INSERT INTO cinema.`order` (id, date, ticket_id, quantity) VALUES (122, '2024-03-02', 53, 70);
INSERT INTO cinema.`order` (id, date, ticket_id, quantity) VALUES (123, '2024-03-02', 54, 60);
INSERT INTO cinema.`order` (id, date, ticket_id, quantity) VALUES (124, '2024-03-02', 55, 20);
INSERT INTO cinema.`order` (id, date, ticket_id, quantity) VALUES (125, '2024-03-02', 56, 20);
INSERT INTO cinema.`order` (id, date, ticket_id, quantity) VALUES (126, '2024-03-02', 57, 30);
INSERT INTO cinema.`order` (id, date, ticket_id, quantity) VALUES (127, '2024-03-02', 58, 40);
INSERT INTO cinema.`order` (id, date, ticket_id, quantity) VALUES (128, '2024-03-02', 59, 40);
INSERT INTO cinema.`order` (id, date, ticket_id, quantity) VALUES (129, '2024-03-02', 60, 50);
INSERT INTO cinema.`order` (id, date, ticket_id, quantity) VALUES (130, '2024-03-02', 61, 35);
INSERT INTO cinema.`order` (id, date, ticket_id, quantity) VALUES (131, '2024-03-02', 62, 55);
INSERT INTO cinema.`order` (id, date, ticket_id, quantity) VALUES (132, '2024-03-02', 63, 65);
INSERT INTO cinema.`order` (id, date, ticket_id, quantity) VALUES (133, '2024-03-02', 64, 60);
INSERT INTO cinema.`order` (id, date, ticket_id, quantity) VALUES (134, '2024-03-02', 65, 55);
INSERT INTO cinema.`order` (id, date, ticket_id, quantity) VALUES (135, '2024-03-02', 66, 64);
INSERT INTO cinema.`order` (id, date, ticket_id, quantity) VALUES (136, '2024-03-02', 67, 65);
INSERT INTO cinema.`order` (id, date, ticket_id, quantity) VALUES (137, '2024-03-02', 68, 50);
INSERT INTO cinema.`order` (id, date, ticket_id, quantity) VALUES (138, '2024-03-02', 69, 23);
INSERT INTO cinema.`order` (id, date, ticket_id, quantity) VALUES (139, '2024-03-03', 1, 10);
INSERT INTO cinema.`order` (id, date, ticket_id, quantity) VALUES (140, '2024-03-03', 2, 12);
INSERT INTO cinema.`order` (id, date, ticket_id, quantity) VALUES (141, '2024-03-03', 3, 12);
INSERT INTO cinema.`order` (id, date, ticket_id, quantity) VALUES (142, '2024-03-03', 4, 18);
INSERT INTO cinema.`order` (id, date, ticket_id, quantity) VALUES (143, '2024-03-03', 5, 10);
INSERT INTO cinema.`order` (id, date, ticket_id, quantity) VALUES (144, '2024-03-03', 6, 10);
INSERT INTO cinema.`order` (id, date, ticket_id, quantity) VALUES (145, '2024-03-03', 7, 67);
INSERT INTO cinema.`order` (id, date, ticket_id, quantity) VALUES (146, '2024-03-03', 8, 80);
INSERT INTO cinema.`order` (id, date, ticket_id, quantity) VALUES (147, '2024-03-03', 9, 70);
INSERT INTO cinema.`order` (id, date, ticket_id, quantity) VALUES (148, '2024-03-03', 10, 45);
INSERT INTO cinema.`order` (id, date, ticket_id, quantity) VALUES (149, '2024-03-03', 11, 33);
INSERT INTO cinema.`order` (id, date, ticket_id, quantity) VALUES (150, '2024-03-03', 12, 30);
INSERT INTO cinema.`order` (id, date, ticket_id, quantity) VALUES (151, '2024-03-03', 13, 20);
INSERT INTO cinema.`order` (id, date, ticket_id, quantity) VALUES (152, '2024-03-03', 14, 33);
INSERT INTO cinema.`order` (id, date, ticket_id, quantity) VALUES (153, '2024-03-03', 15, 30);
INSERT INTO cinema.`order` (id, date, ticket_id, quantity) VALUES (154, '2024-03-03', 16, 25);
INSERT INTO cinema.`order` (id, date, ticket_id, quantity) VALUES (155, '2024-03-03', 17, 30);
INSERT INTO cinema.`order` (id, date, ticket_id, quantity) VALUES (156, '2024-03-03', 18, 30);
INSERT INTO cinema.`order` (id, date, ticket_id, quantity) VALUES (157, '2024-03-03', 19, 20);
INSERT INTO cinema.`order` (id, date, ticket_id, quantity) VALUES (158, '2024-03-03', 20, 88);
INSERT INTO cinema.`order` (id, date, ticket_id, quantity) VALUES (159, '2024-03-03', 21, 50);
INSERT INTO cinema.`order` (id, date, ticket_id, quantity) VALUES (160, '2024-03-03', 22, 41);
INSERT INTO cinema.`order` (id, date, ticket_id, quantity) VALUES (161, '2024-03-03', 23, 18);
INSERT INTO cinema.`order` (id, date, ticket_id, quantity) VALUES (162, '2024-03-03', 24, 32);
INSERT INTO cinema.`order` (id, date, ticket_id, quantity) VALUES (163, '2024-03-03', 25, 28);
INSERT INTO cinema.`order` (id, date, ticket_id, quantity) VALUES (164, '2024-03-03', 26, 45);
INSERT INTO cinema.`order` (id, date, ticket_id, quantity) VALUES (165, '2024-03-03', 27, 40);
INSERT INTO cinema.`order` (id, date, ticket_id, quantity) VALUES (166, '2024-03-03', 28, 45);
INSERT INTO cinema.`order` (id, date, ticket_id, quantity) VALUES (167, '2024-03-03', 29, 44);
INSERT INTO cinema.`order` (id, date, ticket_id, quantity) VALUES (168, '2024-03-03', 30, 55);
INSERT INTO cinema.`order` (id, date, ticket_id, quantity) VALUES (169, '2024-03-03', 31, 66);
INSERT INTO cinema.`order` (id, date, ticket_id, quantity) VALUES (170, '2024-03-03', 32, 55);
INSERT INTO cinema.`order` (id, date, ticket_id, quantity) VALUES (171, '2024-03-03', 33, 60);
INSERT INTO cinema.`order` (id, date, ticket_id, quantity) VALUES (172, '2024-03-03', 34, 70);
INSERT INTO cinema.`order` (id, date, ticket_id, quantity) VALUES (173, '2024-03-03', 35, 50);
INSERT INTO cinema.`order` (id, date, ticket_id, quantity) VALUES (174, '2024-03-03', 36, 55);
INSERT INTO cinema.`order` (id, date, ticket_id, quantity) VALUES (175, '2024-03-03', 37, 50);
INSERT INTO cinema.`order` (id, date, ticket_id, quantity) VALUES (176, '2024-03-03', 38, 51);
INSERT INTO cinema.`order` (id, date, ticket_id, quantity) VALUES (177, '2024-03-03', 39, 50);
INSERT INTO cinema.`order` (id, date, ticket_id, quantity) VALUES (178, '2024-03-03', 40, 60);
INSERT INTO cinema.`order` (id, date, ticket_id, quantity) VALUES (179, '2024-03-03', 41, 51);
INSERT INTO cinema.`order` (id, date, ticket_id, quantity) VALUES (180, '2024-03-03', 42, 58);
INSERT INTO cinema.`order` (id, date, ticket_id, quantity) VALUES (181, '2024-03-03', 43, 68);
INSERT INTO cinema.`order` (id, date, ticket_id, quantity) VALUES (182, '2024-03-03', 44, 38);
INSERT INTO cinema.`order` (id, date, ticket_id, quantity) VALUES (183, '2024-03-03', 45, 40);
INSERT INTO cinema.`order` (id, date, ticket_id, quantity) VALUES (184, '2024-03-03', 46, 46);
INSERT INTO cinema.`order` (id, date, ticket_id, quantity) VALUES (185, '2024-03-03', 47, 57);
INSERT INTO cinema.`order` (id, date, ticket_id, quantity) VALUES (186, '2024-03-03', 48, 58);
INSERT INTO cinema.`order` (id, date, ticket_id, quantity) VALUES (187, '2024-03-03', 49, 85);
INSERT INTO cinema.`order` (id, date, ticket_id, quantity) VALUES (188, '2024-03-03', 50, 44);
INSERT INTO cinema.`order` (id, date, ticket_id, quantity) VALUES (189, '2024-03-03', 51, 60);
INSERT INTO cinema.`order` (id, date, ticket_id, quantity) VALUES (190, '2024-03-03', 52, 50);
INSERT INTO cinema.`order` (id, date, ticket_id, quantity) VALUES (191, '2024-03-03', 53, 48);
INSERT INTO cinema.`order` (id, date, ticket_id, quantity) VALUES (192, '2024-03-03', 54, 60);
INSERT INTO cinema.`order` (id, date, ticket_id, quantity) VALUES (193, '2024-03-03', 55, 20);
INSERT INTO cinema.`order` (id, date, ticket_id, quantity) VALUES (194, '2024-03-03', 56, 20);
INSERT INTO cinema.`order` (id, date, ticket_id, quantity) VALUES (195, '2024-03-03', 57, 30);
INSERT INTO cinema.`order` (id, date, ticket_id, quantity) VALUES (196, '2024-03-03', 58, 40);
INSERT INTO cinema.`order` (id, date, ticket_id, quantity) VALUES (197, '2024-03-03', 59, 40);
INSERT INTO cinema.`order` (id, date, ticket_id, quantity) VALUES (198, '2024-03-03', 60, 39);
INSERT INTO cinema.`order` (id, date, ticket_id, quantity) VALUES (199, '2024-03-03', 61, 35);
INSERT INTO cinema.`order` (id, date, ticket_id, quantity) VALUES (200, '2024-03-03', 62, 55);
INSERT INTO cinema.`order` (id, date, ticket_id, quantity) VALUES (201, '2024-03-03', 63, 65);
INSERT INTO cinema.`order` (id, date, ticket_id, quantity) VALUES (202, '2024-03-03', 64, 60);
INSERT INTO cinema.`order` (id, date, ticket_id, quantity) VALUES (203, '2024-03-03', 65, 55);
INSERT INTO cinema.`order` (id, date, ticket_id, quantity) VALUES (204, '2024-03-03', 66, 64);
INSERT INTO cinema.`order` (id, date, ticket_id, quantity) VALUES (205, '2024-03-03', 67, 65);
INSERT INTO cinema.`order` (id, date, ticket_id, quantity) VALUES (206, '2024-03-03', 68, 50);
INSERT INTO cinema.`order` (id, date, ticket_id, quantity) VALUES (207, '2024-03-03', 69, 23);

