INSERT INTO cinema.auditorium (id, name) VALUES (4, 'Белый');
INSERT INTO cinema.auditorium (id, name) VALUES (3, 'Зеленый');
INSERT INTO cinema.auditorium (id, name) VALUES (2, 'Красный');
INSERT INTO cinema.auditorium (id, name) VALUES (1, 'Синий');

INSERT INTO cinema.country (id, name) VALUES (2, 'Россия');
INSERT INTO cinema.country (id, name) VALUES (1, 'США');

INSERT INTO cinema.genre (id, name) VALUES (4, 'драма');
INSERT INTO cinema.genre (id, name) VALUES (2, 'история');
INSERT INTO cinema.genre (id, name) VALUES (1, 'мелодрама');
INSERT INTO cinema.genre (id, name) VALUES (6, 'спорт');
INSERT INTO cinema.genre (id, name) VALUES (3, 'триллер');
INSERT INTO cinema.genre (id, name) VALUES (5, 'фантастика');

INSERT INTO cinema.movie (id, name, duration, description, date, country_id) VALUES (1, 'Титаник', 194, 'В первом и последнем плавании шикарного «Титаника» встречаются двое. Пассажир нижней палубы Джек выиграл билет в карты, а богатая наследница Роза отправляется в Америку, чтобы выйти замуж по расчёту. Чувства молодых людей только успевают расцвести, и даже не классовые различия создадут испытания влюблённым, а айсберг, вставший на пути считавшегося непотопляемым лайнера.', '1997-11-01', 1);
INSERT INTO cinema.movie (id, name, duration, description, date, country_id) VALUES (2, 'Гравитация', 90, 'Доктор Райан Стоун, блестящий специалист в области медицинского инжиниринга, отправляется в свою первую космическую миссию под командованием ветерана астронавтики Мэтта Ковальски, для которого этот полет - последний перед отставкой. Но во время, казалось бы, рутинной работы за бортом случается катастрофа.

Шаттл уничтожен, а Стоун и Ковальски остаются совершенно одни; они находятся в связке друг с другом, и все, что они могут, - это двигаться по орбите в абсолютно черном пространстве без всякой связи с Землей и какой-либо надежды на спасение.', '2013-08-28', 1);
INSERT INTO cinema.movie (id, name, duration, description, date, country_id) VALUES (3, 'Движение вверх', 133, 'Есть победы, которые меняют ход истории. Победы духа, победы страны, победы всего мира. Таким триумфом стали легендарные «три секунды» - выигрыш сборной СССР по баскетболу на роковой мюнхенской Олимпиаде 1972 г. Впервые за 36 лет была повержена «непобедимая» команда США. Никто даже помыслить не мог о том, что это возможно – обыграть великолепных непогрешимых американцев на Олимпийских играх! Никто, кроме советских баскетболистов (русских и грузин, украинцев и казахов, белорусов и литовцев).

Когда проигрыш означал поражение страны, когда нужно было выходить и бороться в раскаленной обстановке из-за произошедшего теракта, великий тренер сборной СССР был готов на все, лишь бы помочь своим подопечным разбить американский миф о непотопляемой команде мечты. Ведь он знал, что создал самую сильную сборную на планете, и в начале заставил поверить в это своих игроков, а затем весь мир.', '2018-01-05', 2);
INSERT INTO cinema.movie (id, name, duration, description, date, country_id) VALUES (4, 'Чемпион мира', 145, 'История матча за звание чемпиона мира, который прошел на Филиппинах в 1978 году, между действующим чемпионом Анатолием Карповым и претендентом на этот титул — гроссмейстером Виктором Корчным, несколько лет назад эмигрировавшим из СССР.', '2021-12-30', 2);

INSERT INTO cinema.movie_genre (movie_id, genre_id) VALUES (1, 1);
INSERT INTO cinema.movie_genre (movie_id, genre_id) VALUES (1, 2);
INSERT INTO cinema.movie_genre (movie_id, genre_id) VALUES (1, 3);
INSERT INTO cinema.movie_genre (movie_id, genre_id) VALUES (1, 4);
INSERT INTO cinema.movie_genre (movie_id, genre_id) VALUES (2, 3);
INSERT INTO cinema.movie_genre (movie_id, genre_id) VALUES (2, 4);
INSERT INTO cinema.movie_genre (movie_id, genre_id) VALUES (2, 5);
INSERT INTO cinema.movie_genre (movie_id, genre_id) VALUES (3, 4);
INSERT INTO cinema.movie_genre (movie_id, genre_id) VALUES (3, 6);
INSERT INTO cinema.movie_genre (movie_id, genre_id) VALUES (4, 2);
INSERT INTO cinema.movie_genre (movie_id, genre_id) VALUES (4, 4);
INSERT INTO cinema.movie_genre (movie_id, genre_id) VALUES (4, 6);

INSERT INTO cinema.seat (id, `row_number`, seat_number) VALUES (1, 1, 1);
INSERT INTO cinema.seat (id, `row_number`, seat_number) VALUES (2, 1, 2);
INSERT INTO cinema.seat (id, `row_number`, seat_number) VALUES (3, 1, 3);
INSERT INTO cinema.seat (id, `row_number`, seat_number) VALUES (4, 1, 4);
INSERT INTO cinema.seat (id, `row_number`, seat_number) VALUES (5, 1, 5);
INSERT INTO cinema.seat (id, `row_number`, seat_number) VALUES (6, 1, 6);
INSERT INTO cinema.seat (id, `row_number`, seat_number) VALUES (7, 1, 7);
INSERT INTO cinema.seat (id, `row_number`, seat_number) VALUES (8, 1, 8);
INSERT INTO cinema.seat (id, `row_number`, seat_number) VALUES (9, 1, 9);
INSERT INTO cinema.seat (id, `row_number`, seat_number) VALUES (10, 1, 10);
INSERT INTO cinema.seat (id, `row_number`, seat_number) VALUES (11, 2, 1);
INSERT INTO cinema.seat (id, `row_number`, seat_number) VALUES (12, 2, 2);
INSERT INTO cinema.seat (id, `row_number`, seat_number) VALUES (13, 2, 3);
INSERT INTO cinema.seat (id, `row_number`, seat_number) VALUES (14, 2, 4);
INSERT INTO cinema.seat (id, `row_number`, seat_number) VALUES (15, 2, 5);
INSERT INTO cinema.seat (id, `row_number`, seat_number) VALUES (16, 2, 6);
INSERT INTO cinema.seat (id, `row_number`, seat_number) VALUES (17, 2, 7);
INSERT INTO cinema.seat (id, `row_number`, seat_number) VALUES (18, 2, 8);
INSERT INTO cinema.seat (id, `row_number`, seat_number) VALUES (19, 2, 9);
INSERT INTO cinema.seat (id, `row_number`, seat_number) VALUES (20, 2, 10);
INSERT INTO cinema.seat (id, `row_number`, seat_number) VALUES (21, 3, 1);
INSERT INTO cinema.seat (id, `row_number`, seat_number) VALUES (22, 3, 2);
INSERT INTO cinema.seat (id, `row_number`, seat_number) VALUES (23, 3, 3);
INSERT INTO cinema.seat (id, `row_number`, seat_number) VALUES (24, 3, 4);
INSERT INTO cinema.seat (id, `row_number`, seat_number) VALUES (25, 3, 5);
INSERT INTO cinema.seat (id, `row_number`, seat_number) VALUES (26, 3, 6);
INSERT INTO cinema.seat (id, `row_number`, seat_number) VALUES (27, 3, 7);
INSERT INTO cinema.seat (id, `row_number`, seat_number) VALUES (28, 3, 8);
INSERT INTO cinema.seat (id, `row_number`, seat_number) VALUES (29, 3, 9);
INSERT INTO cinema.seat (id, `row_number`, seat_number) VALUES (30, 3, 10);
INSERT INTO cinema.seat (id, `row_number`, seat_number) VALUES (31, 4, 1);
INSERT INTO cinema.seat (id, `row_number`, seat_number) VALUES (32, 4, 2);
INSERT INTO cinema.seat (id, `row_number`, seat_number) VALUES (33, 4, 3);
INSERT INTO cinema.seat (id, `row_number`, seat_number) VALUES (34, 4, 4);
INSERT INTO cinema.seat (id, `row_number`, seat_number) VALUES (35, 4, 5);
INSERT INTO cinema.seat (id, `row_number`, seat_number) VALUES (36, 4, 6);
INSERT INTO cinema.seat (id, `row_number`, seat_number) VALUES (37, 4, 7);
INSERT INTO cinema.seat (id, `row_number`, seat_number) VALUES (38, 4, 8);
INSERT INTO cinema.seat (id, `row_number`, seat_number) VALUES (39, 4, 9);
INSERT INTO cinema.seat (id, `row_number`, seat_number) VALUES (40, 4, 10);
INSERT INTO cinema.seat (id, `row_number`, seat_number) VALUES (41, 5, 1);
INSERT INTO cinema.seat (id, `row_number`, seat_number) VALUES (42, 5, 2);
INSERT INTO cinema.seat (id, `row_number`, seat_number) VALUES (43, 5, 3);
INSERT INTO cinema.seat (id, `row_number`, seat_number) VALUES (44, 5, 4);
INSERT INTO cinema.seat (id, `row_number`, seat_number) VALUES (45, 5, 5);
INSERT INTO cinema.seat (id, `row_number`, seat_number) VALUES (46, 5, 6);
INSERT INTO cinema.seat (id, `row_number`, seat_number) VALUES (47, 5, 7);
INSERT INTO cinema.seat (id, `row_number`, seat_number) VALUES (48, 5, 8);
INSERT INTO cinema.seat (id, `row_number`, seat_number) VALUES (49, 5, 9);
INSERT INTO cinema.seat (id, `row_number`, seat_number) VALUES (50, 5, 10);
INSERT INTO cinema.seat (id, `row_number`, seat_number) VALUES (51, 6, 1);
INSERT INTO cinema.seat (id, `row_number`, seat_number) VALUES (52, 6, 2);
INSERT INTO cinema.seat (id, `row_number`, seat_number) VALUES (53, 6, 3);
INSERT INTO cinema.seat (id, `row_number`, seat_number) VALUES (54, 6, 4);
INSERT INTO cinema.seat (id, `row_number`, seat_number) VALUES (55, 6, 5);
INSERT INTO cinema.seat (id, `row_number`, seat_number) VALUES (56, 6, 6);
INSERT INTO cinema.seat (id, `row_number`, seat_number) VALUES (57, 6, 7);
INSERT INTO cinema.seat (id, `row_number`, seat_number) VALUES (58, 6, 8);
INSERT INTO cinema.seat (id, `row_number`, seat_number) VALUES (59, 6, 9);
INSERT INTO cinema.seat (id, `row_number`, seat_number) VALUES (60, 6, 10);

INSERT INTO cinema.session (id, movie_id, auditorium_id, price, start, end) VALUES (1, 1, 4, 13.00, '09:00:00', '12:20:00');
INSERT INTO cinema.session (id, movie_id, auditorium_id, price, start, end) VALUES (2, 1, 4, 13.00, '12:30:00', '15:50:00');
INSERT INTO cinema.session (id, movie_id, auditorium_id, price, start, end) VALUES (3, 1, 4, 15.00, '16:00:00', '19:20:00');
INSERT INTO cinema.session (id, movie_id, auditorium_id, price, start, end) VALUES (4, 1, 4, 15.50, '19:30:00', '22:50:00');
INSERT INTO cinema.session (id, movie_id, auditorium_id, price, start, end) VALUES (6, 2, 1, 7.50, '09:00:00', '10:35:00');
INSERT INTO cinema.session (id, movie_id, auditorium_id, price, start, end) VALUES (7, 2, 1, 7.50, '10:45:00', '12:20:00');
INSERT INTO cinema.session (id, movie_id, auditorium_id, price, start, end) VALUES (8, 2, 1, 7.50, '12:30:00', '14:05:00');
INSERT INTO cinema.session (id, movie_id, auditorium_id, price, start, end) VALUES (9, 2, 1, 7.50, '14:15:00', '15:50:00');
INSERT INTO cinema.session (id, movie_id, auditorium_id, price, start, end) VALUES (10, 2, 1, 9.00, '16:00:00', '17:35:00');
INSERT INTO cinema.session (id, movie_id, auditorium_id, price, start, end) VALUES (12, 2, 1, 10.00, '17:45:00', '19:20:00');
INSERT INTO cinema.session (id, movie_id, auditorium_id, price, start, end) VALUES (13, 2, 1, 10.00, '19:30:00', '21:05:00');
INSERT INTO cinema.session (id, movie_id, auditorium_id, price, start, end) VALUES (14, 2, 1, 9.00, '21:15:00', '22:50:00');
INSERT INTO cinema.session (id, movie_id, auditorium_id, price, start, end) VALUES (15, 3, 2, 9.00, '09:00:00', '11:20:00');
INSERT INTO cinema.session (id, movie_id, auditorium_id, price, start, end) VALUES (16, 3, 2, 9.00, '11:30:00', '13:50:00');
INSERT INTO cinema.session (id, movie_id, auditorium_id, price, start, end) VALUES (17, 3, 2, 10.00, '14:00:00', '16:20:00');
INSERT INTO cinema.session (id, movie_id, auditorium_id, price, start, end) VALUES (18, 3, 2, 10.50, '16:30:00', '18:50:00');
INSERT INTO cinema.session (id, movie_id, auditorium_id, price, start, end) VALUES (19, 3, 2, 12.00, '19:00:00', '21:20:00');
INSERT INTO cinema.session (id, movie_id, auditorium_id, price, start, end) VALUES (20, 3, 2, 10.50, '21:30:00', '23:50:00');
INSERT INTO cinema.session (id, movie_id, auditorium_id, price, start, end) VALUES (21, 4, 3, 7.00, '09:00:00', '11:35:00');
INSERT INTO cinema.session (id, movie_id, auditorium_id, price, start, end) VALUES (22, 4, 3, 7.00, '11:45:00', '14:20:00');
INSERT INTO cinema.session (id, movie_id, auditorium_id, price, start, end) VALUES (23, 4, 3, 7.00, '14:30:00', '17:05:00');
INSERT INTO cinema.session (id, movie_id, auditorium_id, price, start, end) VALUES (24, 4, 3, 9.00, '17:15:00', '19:50:00');
INSERT INTO cinema.session (id, movie_id, auditorium_id, price, start, end) VALUES (25, 4, 3, 9.00, '20:00:00', '22:35:00');

INSERT INTO cinema.ticket (id, date, session_id, seat_id) VALUES (4, '2024-03-01', 1, 2);
INSERT INTO cinema.ticket (id, date, session_id, seat_id) VALUES (2, '2024-03-01', 1, 19);
INSERT INTO cinema.ticket (id, date, session_id, seat_id) VALUES (1, '2024-03-01', 1, 28);
INSERT INTO cinema.ticket (id, date, session_id, seat_id) VALUES (3, '2024-03-01', 1, 33);
INSERT INTO cinema.ticket (id, date, session_id, seat_id) VALUES (5, '2024-03-01', 1, 39);
INSERT INTO cinema.ticket (id, date, session_id, seat_id) VALUES (6, '2024-03-01', 1, 42);
INSERT INTO cinema.ticket (id, date, session_id, seat_id) VALUES (7, '2024-03-01', 2, 2);
INSERT INTO cinema.ticket (id, date, session_id, seat_id) VALUES (8, '2024-03-01', 2, 6);
INSERT INTO cinema.ticket (id, date, session_id, seat_id) VALUES (11, '2024-03-01', 2, 11);
INSERT INTO cinema.ticket (id, date, session_id, seat_id) VALUES (12, '2024-03-01', 2, 13);
INSERT INTO cinema.ticket (id, date, session_id, seat_id) VALUES (13, '2024-03-01', 2, 15);
INSERT INTO cinema.ticket (id, date, session_id, seat_id) VALUES (14, '2024-03-01', 2, 16);
INSERT INTO cinema.ticket (id, date, session_id, seat_id) VALUES (15, '2024-03-01', 2, 17);
INSERT INTO cinema.ticket (id, date, session_id, seat_id) VALUES (16, '2024-03-01', 2, 18);
INSERT INTO cinema.ticket (id, date, session_id, seat_id) VALUES (10, '2024-03-01', 2, 32);
INSERT INTO cinema.ticket (id, date, session_id, seat_id) VALUES (9, '2024-03-01', 2, 54);
INSERT INTO cinema.ticket (id, date, session_id, seat_id) VALUES (17, '2024-03-01', 3, 11);
INSERT INTO cinema.ticket (id, date, session_id, seat_id) VALUES (18, '2024-03-01', 3, 12);
INSERT INTO cinema.ticket (id, date, session_id, seat_id) VALUES (22, '2024-03-01', 3, 22);
INSERT INTO cinema.ticket (id, date, session_id, seat_id) VALUES (23, '2024-03-01', 3, 23);
INSERT INTO cinema.ticket (id, date, session_id, seat_id) VALUES (19, '2024-03-01', 3, 55);
INSERT INTO cinema.ticket (id, date, session_id, seat_id) VALUES (20, '2024-03-01', 3, 56);
INSERT INTO cinema.ticket (id, date, session_id, seat_id) VALUES (21, '2024-03-01', 3, 57);
INSERT INTO cinema.ticket (id, date, session_id, seat_id) VALUES (24, '2024-03-01', 4, 10);
INSERT INTO cinema.ticket (id, date, session_id, seat_id) VALUES (25, '2024-03-01', 4, 12);
INSERT INTO cinema.ticket (id, date, session_id, seat_id) VALUES (26, '2024-03-01', 4, 22);
INSERT INTO cinema.ticket (id, date, session_id, seat_id) VALUES (27, '2024-03-01', 4, 23);
INSERT INTO cinema.ticket (id, date, session_id, seat_id) VALUES (28, '2024-03-01', 4, 24);
INSERT INTO cinema.ticket (id, date, session_id, seat_id) VALUES (30, '2024-03-01', 6, 11);
INSERT INTO cinema.ticket (id, date, session_id, seat_id) VALUES (31, '2024-03-01', 6, 22);
INSERT INTO cinema.ticket (id, date, session_id, seat_id) VALUES (32, '2024-03-01', 6, 33);
INSERT INTO cinema.ticket (id, date, session_id, seat_id) VALUES (33, '2024-03-01', 6, 44);
INSERT INTO cinema.ticket (id, date, session_id, seat_id) VALUES (34, '2024-03-01', 7, 1);
INSERT INTO cinema.ticket (id, date, session_id, seat_id) VALUES (35, '2024-03-01', 7, 23);
INSERT INTO cinema.ticket (id, date, session_id, seat_id) VALUES (36, '2024-03-01', 7, 32);
INSERT INTO cinema.ticket (id, date, session_id, seat_id) VALUES (37, '2024-03-01', 7, 44);
INSERT INTO cinema.ticket (id, date, session_id, seat_id) VALUES (38, '2024-03-01', 7, 45);
INSERT INTO cinema.ticket (id, date, session_id, seat_id) VALUES (39, '2024-03-01', 7, 46);
INSERT INTO cinema.ticket (id, date, session_id, seat_id) VALUES (40, '2024-03-01', 7, 47);
INSERT INTO cinema.ticket (id, date, session_id, seat_id) VALUES (41, '2024-03-01', 8, 11);
INSERT INTO cinema.ticket (id, date, session_id, seat_id) VALUES (42, '2024-03-01', 8, 12);
INSERT INTO cinema.ticket (id, date, session_id, seat_id) VALUES (43, '2024-03-01', 8, 13);
INSERT INTO cinema.ticket (id, date, session_id, seat_id) VALUES (44, '2024-03-01', 9, 9);
INSERT INTO cinema.ticket (id, date, session_id, seat_id) VALUES (45, '2024-03-01', 9, 10);
INSERT INTO cinema.ticket (id, date, session_id, seat_id) VALUES (46, '2024-03-01', 9, 12);
INSERT INTO cinema.ticket (id, date, session_id, seat_id) VALUES (47, '2024-03-01', 9, 55);
INSERT INTO cinema.ticket (id, date, session_id, seat_id) VALUES (48, '2024-03-01', 9, 56);
INSERT INTO cinema.ticket (id, date, session_id, seat_id) VALUES (49, '2024-03-01', 10, 1);
INSERT INTO cinema.ticket (id, date, session_id, seat_id) VALUES (50, '2024-03-01', 10, 2);
INSERT INTO cinema.ticket (id, date, session_id, seat_id) VALUES (51, '2024-03-01', 10, 3);
INSERT INTO cinema.ticket (id, date, session_id, seat_id) VALUES (54, '2024-03-01', 12, 9);
INSERT INTO cinema.ticket (id, date, session_id, seat_id) VALUES (55, '2024-03-01', 12, 10);
INSERT INTO cinema.ticket (id, date, session_id, seat_id) VALUES (56, '2024-03-01', 12, 12);
INSERT INTO cinema.ticket (id, date, session_id, seat_id) VALUES (53, '2024-03-01', 12, 13);
INSERT INTO cinema.ticket (id, date, session_id, seat_id) VALUES (57, '2024-03-01', 12, 55);
INSERT INTO cinema.ticket (id, date, session_id, seat_id) VALUES (58, '2024-03-01', 12, 56);
INSERT INTO cinema.ticket (id, date, session_id, seat_id) VALUES (70, '2024-03-01', 13, 9);
INSERT INTO cinema.ticket (id, date, session_id, seat_id) VALUES (71, '2024-03-01', 13, 10);
INSERT INTO cinema.ticket (id, date, session_id, seat_id) VALUES (67, '2024-03-01', 13, 11);
INSERT INTO cinema.ticket (id, date, session_id, seat_id) VALUES (68, '2024-03-01', 13, 12);
INSERT INTO cinema.ticket (id, date, session_id, seat_id) VALUES (69, '2024-03-01', 13, 13);
INSERT INTO cinema.ticket (id, date, session_id, seat_id) VALUES (72, '2024-03-01', 13, 27);
INSERT INTO cinema.ticket (id, date, session_id, seat_id) VALUES (66, '2024-03-01', 13, 47);
INSERT INTO cinema.ticket (id, date, session_id, seat_id) VALUES (73, '2024-03-01', 13, 55);
INSERT INTO cinema.ticket (id, date, session_id, seat_id) VALUES (74, '2024-03-01', 13, 56);
INSERT INTO cinema.ticket (id, date, session_id, seat_id) VALUES (77, '2024-03-01', 14, 9);
INSERT INTO cinema.ticket (id, date, session_id, seat_id) VALUES (78, '2024-03-01', 14, 10);
INSERT INTO cinema.ticket (id, date, session_id, seat_id) VALUES (75, '2024-03-01', 14, 12);
INSERT INTO cinema.ticket (id, date, session_id, seat_id) VALUES (76, '2024-03-01', 14, 13);
INSERT INTO cinema.ticket (id, date, session_id, seat_id) VALUES (79, '2024-03-01', 15, 11);
INSERT INTO cinema.ticket (id, date, session_id, seat_id) VALUES (80, '2024-03-01', 15, 22);
INSERT INTO cinema.ticket (id, date, session_id, seat_id) VALUES (81, '2024-03-01', 15, 33);
INSERT INTO cinema.ticket (id, date, session_id, seat_id) VALUES (82, '2024-03-01', 15, 34);
INSERT INTO cinema.ticket (id, date, session_id, seat_id) VALUES (83, '2024-03-01', 15, 45);
INSERT INTO cinema.ticket (id, date, session_id, seat_id) VALUES (84, '2024-03-01', 15, 46);
INSERT INTO cinema.ticket (id, date, session_id, seat_id) VALUES (85, '2024-03-01', 15, 47);
INSERT INTO cinema.ticket (id, date, session_id, seat_id) VALUES (86, '2024-03-01', 16, 22);
INSERT INTO cinema.ticket (id, date, session_id, seat_id) VALUES (87, '2024-03-01', 16, 23);
INSERT INTO cinema.ticket (id, date, session_id, seat_id) VALUES (88, '2024-03-01', 16, 25);
INSERT INTO cinema.ticket (id, date, session_id, seat_id) VALUES (97, '2024-03-01', 17, 9);
INSERT INTO cinema.ticket (id, date, session_id, seat_id) VALUES (89, '2024-03-01', 17, 10);
INSERT INTO cinema.ticket (id, date, session_id, seat_id) VALUES (90, '2024-03-01', 17, 11);
INSERT INTO cinema.ticket (id, date, session_id, seat_id) VALUES (91, '2024-03-01', 17, 12);
INSERT INTO cinema.ticket (id, date, session_id, seat_id) VALUES (92, '2024-03-01', 17, 13);
INSERT INTO cinema.ticket (id, date, session_id, seat_id) VALUES (93, '2024-03-01', 17, 27);
INSERT INTO cinema.ticket (id, date, session_id, seat_id) VALUES (94, '2024-03-01', 17, 47);
INSERT INTO cinema.ticket (id, date, session_id, seat_id) VALUES (95, '2024-03-01', 17, 55);
INSERT INTO cinema.ticket (id, date, session_id, seat_id) VALUES (96, '2024-03-01', 17, 56);
INSERT INTO cinema.ticket (id, date, session_id, seat_id) VALUES (98, '2024-03-01', 18, 56);
INSERT INTO cinema.ticket (id, date, session_id, seat_id) VALUES (99, '2024-03-01', 18, 58);
INSERT INTO cinema.ticket (id, date, session_id, seat_id) VALUES (101, '2024-03-01', 19, 9);
INSERT INTO cinema.ticket (id, date, session_id, seat_id) VALUES (102, '2024-03-01', 19, 10);
INSERT INTO cinema.ticket (id, date, session_id, seat_id) VALUES (103, '2024-03-01', 19, 11);
INSERT INTO cinema.ticket (id, date, session_id, seat_id) VALUES (104, '2024-03-01', 19, 12);
INSERT INTO cinema.ticket (id, date, session_id, seat_id) VALUES (100, '2024-03-01', 19, 25);
INSERT INTO cinema.ticket (id, date, session_id, seat_id) VALUES (113, '2024-03-01', 20, 3);
INSERT INTO cinema.ticket (id, date, session_id, seat_id) VALUES (114, '2024-03-01', 20, 9);
INSERT INTO cinema.ticket (id, date, session_id, seat_id) VALUES (115, '2024-03-01', 20, 10);
INSERT INTO cinema.ticket (id, date, session_id, seat_id) VALUES (116, '2024-03-01', 20, 12);
INSERT INTO cinema.ticket (id, date, session_id, seat_id) VALUES (117, '2024-03-01', 20, 13);
INSERT INTO cinema.ticket (id, date, session_id, seat_id) VALUES (118, '2024-03-01', 20, 55);
INSERT INTO cinema.ticket (id, date, session_id, seat_id) VALUES (119, '2024-03-01', 20, 56);
INSERT INTO cinema.ticket (id, date, session_id, seat_id) VALUES (120, '2024-03-01', 20, 58);
INSERT INTO cinema.ticket (id, date, session_id, seat_id) VALUES (121, '2024-03-01', 21, 43);
INSERT INTO cinema.ticket (id, date, session_id, seat_id) VALUES (122, '2024-03-01', 21, 44);
INSERT INTO cinema.ticket (id, date, session_id, seat_id) VALUES (123, '2024-03-01', 21, 45);
INSERT INTO cinema.ticket (id, date, session_id, seat_id) VALUES (127, '2024-03-01', 22, 9);
INSERT INTO cinema.ticket (id, date, session_id, seat_id) VALUES (128, '2024-03-01', 22, 10);
INSERT INTO cinema.ticket (id, date, session_id, seat_id) VALUES (131, '2024-03-01', 22, 11);
INSERT INTO cinema.ticket (id, date, session_id, seat_id) VALUES (129, '2024-03-01', 22, 12);
INSERT INTO cinema.ticket (id, date, session_id, seat_id) VALUES (130, '2024-03-01', 22, 13);
INSERT INTO cinema.ticket (id, date, session_id, seat_id) VALUES (124, '2024-03-01', 22, 47);
INSERT INTO cinema.ticket (id, date, session_id, seat_id) VALUES (125, '2024-03-01', 22, 55);
INSERT INTO cinema.ticket (id, date, session_id, seat_id) VALUES (126, '2024-03-01', 22, 56);
INSERT INTO cinema.ticket (id, date, session_id, seat_id) VALUES (132, '2024-03-01', 23, 13);
INSERT INTO cinema.ticket (id, date, session_id, seat_id) VALUES (133, '2024-03-01', 24, 55);
INSERT INTO cinema.ticket (id, date, session_id, seat_id) VALUES (134, '2024-03-01', 24, 56);
INSERT INTO cinema.ticket (id, date, session_id, seat_id) VALUES (135, '2024-03-01', 24, 57);
INSERT INTO cinema.ticket (id, date, session_id, seat_id) VALUES (136, '2024-03-01', 25, 10);
INSERT INTO cinema.ticket (id, date, session_id, seat_id) VALUES (137, '2024-03-01', 25, 11);
INSERT INTO cinema.ticket (id, date, session_id, seat_id) VALUES (138, '2024-03-01', 25, 12);
INSERT INTO cinema.ticket (id, date, session_id, seat_id) VALUES (139, '2024-03-01', 25, 13);
INSERT INTO cinema.ticket (id, date, session_id, seat_id) VALUES (347, '2024-03-02', 1, 2);
INSERT INTO cinema.ticket (id, date, session_id, seat_id) VALUES (345, '2024-03-02', 1, 19);
INSERT INTO cinema.ticket (id, date, session_id, seat_id) VALUES (344, '2024-03-02', 1, 28);
INSERT INTO cinema.ticket (id, date, session_id, seat_id) VALUES (346, '2024-03-02', 1, 33);
INSERT INTO cinema.ticket (id, date, session_id, seat_id) VALUES (348, '2024-03-02', 1, 39);
INSERT INTO cinema.ticket (id, date, session_id, seat_id) VALUES (350, '2024-03-02', 2, 2);
INSERT INTO cinema.ticket (id, date, session_id, seat_id) VALUES (351, '2024-03-02', 2, 6);
INSERT INTO cinema.ticket (id, date, session_id, seat_id) VALUES (354, '2024-03-02', 2, 11);
INSERT INTO cinema.ticket (id, date, session_id, seat_id) VALUES (355, '2024-03-02', 2, 13);
INSERT INTO cinema.ticket (id, date, session_id, seat_id) VALUES (356, '2024-03-02', 2, 15);
INSERT INTO cinema.ticket (id, date, session_id, seat_id) VALUES (357, '2024-03-02', 2, 16);
INSERT INTO cinema.ticket (id, date, session_id, seat_id) VALUES (353, '2024-03-02', 2, 32);
INSERT INTO cinema.ticket (id, date, session_id, seat_id) VALUES (349, '2024-03-02', 2, 42);
INSERT INTO cinema.ticket (id, date, session_id, seat_id) VALUES (352, '2024-03-02', 2, 54);
INSERT INTO cinema.ticket (id, date, session_id, seat_id) VALUES (360, '2024-03-02', 3, 11);
INSERT INTO cinema.ticket (id, date, session_id, seat_id) VALUES (361, '2024-03-02', 3, 12);
INSERT INTO cinema.ticket (id, date, session_id, seat_id) VALUES (358, '2024-03-02', 3, 17);
INSERT INTO cinema.ticket (id, date, session_id, seat_id) VALUES (359, '2024-03-02', 3, 18);
INSERT INTO cinema.ticket (id, date, session_id, seat_id) VALUES (365, '2024-03-02', 3, 22);
INSERT INTO cinema.ticket (id, date, session_id, seat_id) VALUES (366, '2024-03-02', 3, 23);
INSERT INTO cinema.ticket (id, date, session_id, seat_id) VALUES (362, '2024-03-02', 3, 55);
INSERT INTO cinema.ticket (id, date, session_id, seat_id) VALUES (363, '2024-03-02', 3, 56);
INSERT INTO cinema.ticket (id, date, session_id, seat_id) VALUES (364, '2024-03-02', 3, 57);
INSERT INTO cinema.ticket (id, date, session_id, seat_id) VALUES (367, '2024-03-02', 4, 10);
INSERT INTO cinema.ticket (id, date, session_id, seat_id) VALUES (368, '2024-03-02', 4, 12);
INSERT INTO cinema.ticket (id, date, session_id, seat_id) VALUES (369, '2024-03-02', 4, 22);
INSERT INTO cinema.ticket (id, date, session_id, seat_id) VALUES (370, '2024-03-02', 4, 23);
INSERT INTO cinema.ticket (id, date, session_id, seat_id) VALUES (371, '2024-03-02', 4, 24);
INSERT INTO cinema.ticket (id, date, session_id, seat_id) VALUES (376, '2024-03-02', 6, 1);
INSERT INTO cinema.ticket (id, date, session_id, seat_id) VALUES (372, '2024-03-02', 6, 11);
INSERT INTO cinema.ticket (id, date, session_id, seat_id) VALUES (373, '2024-03-02', 6, 22);
INSERT INTO cinema.ticket (id, date, session_id, seat_id) VALUES (374, '2024-03-02', 6, 33);
INSERT INTO cinema.ticket (id, date, session_id, seat_id) VALUES (375, '2024-03-02', 6, 44);
INSERT INTO cinema.ticket (id, date, session_id, seat_id) VALUES (377, '2024-03-02', 7, 23);
INSERT INTO cinema.ticket (id, date, session_id, seat_id) VALUES (378, '2024-03-02', 7, 32);
INSERT INTO cinema.ticket (id, date, session_id, seat_id) VALUES (379, '2024-03-02', 7, 44);
INSERT INTO cinema.ticket (id, date, session_id, seat_id) VALUES (380, '2024-03-02', 7, 45);
INSERT INTO cinema.ticket (id, date, session_id, seat_id) VALUES (381, '2024-03-02', 7, 46);
INSERT INTO cinema.ticket (id, date, session_id, seat_id) VALUES (383, '2024-03-02', 8, 11);
INSERT INTO cinema.ticket (id, date, session_id, seat_id) VALUES (384, '2024-03-02', 8, 12);
INSERT INTO cinema.ticket (id, date, session_id, seat_id) VALUES (385, '2024-03-02', 8, 13);
INSERT INTO cinema.ticket (id, date, session_id, seat_id) VALUES (382, '2024-03-02', 8, 47);
INSERT INTO cinema.ticket (id, date, session_id, seat_id) VALUES (391, '2024-03-02', 9, 1);
INSERT INTO cinema.ticket (id, date, session_id, seat_id) VALUES (386, '2024-03-02', 9, 9);
INSERT INTO cinema.ticket (id, date, session_id, seat_id) VALUES (387, '2024-03-02', 9, 10);
INSERT INTO cinema.ticket (id, date, session_id, seat_id) VALUES (388, '2024-03-02', 9, 12);
INSERT INTO cinema.ticket (id, date, session_id, seat_id) VALUES (389, '2024-03-02', 9, 55);
INSERT INTO cinema.ticket (id, date, session_id, seat_id) VALUES (390, '2024-03-02', 9, 56);
INSERT INTO cinema.ticket (id, date, session_id, seat_id) VALUES (392, '2024-03-02', 10, 2);
INSERT INTO cinema.ticket (id, date, session_id, seat_id) VALUES (393, '2024-03-02', 10, 3);
INSERT INTO cinema.ticket (id, date, session_id, seat_id) VALUES (395, '2024-03-02', 12, 9);
INSERT INTO cinema.ticket (id, date, session_id, seat_id) VALUES (396, '2024-03-02', 12, 10);
INSERT INTO cinema.ticket (id, date, session_id, seat_id) VALUES (397, '2024-03-02', 12, 12);
INSERT INTO cinema.ticket (id, date, session_id, seat_id) VALUES (394, '2024-03-02', 12, 13);
INSERT INTO cinema.ticket (id, date, session_id, seat_id) VALUES (400, '2024-03-02', 12, 47);
INSERT INTO cinema.ticket (id, date, session_id, seat_id) VALUES (398, '2024-03-02', 12, 55);
INSERT INTO cinema.ticket (id, date, session_id, seat_id) VALUES (399, '2024-03-02', 12, 56);
INSERT INTO cinema.ticket (id, date, session_id, seat_id) VALUES (404, '2024-03-02', 13, 9);
INSERT INTO cinema.ticket (id, date, session_id, seat_id) VALUES (405, '2024-03-02', 13, 10);
INSERT INTO cinema.ticket (id, date, session_id, seat_id) VALUES (401, '2024-03-02', 13, 11);
INSERT INTO cinema.ticket (id, date, session_id, seat_id) VALUES (402, '2024-03-02', 13, 12);
INSERT INTO cinema.ticket (id, date, session_id, seat_id) VALUES (403, '2024-03-02', 13, 13);
INSERT INTO cinema.ticket (id, date, session_id, seat_id) VALUES (406, '2024-03-02', 13, 27);
INSERT INTO cinema.ticket (id, date, session_id, seat_id) VALUES (411, '2024-03-02', 14, 9);
INSERT INTO cinema.ticket (id, date, session_id, seat_id) VALUES (412, '2024-03-02', 14, 10);
INSERT INTO cinema.ticket (id, date, session_id, seat_id) VALUES (409, '2024-03-02', 14, 12);
INSERT INTO cinema.ticket (id, date, session_id, seat_id) VALUES (410, '2024-03-02', 14, 13);
INSERT INTO cinema.ticket (id, date, session_id, seat_id) VALUES (407, '2024-03-02', 14, 55);
INSERT INTO cinema.ticket (id, date, session_id, seat_id) VALUES (408, '2024-03-02', 14, 56);
INSERT INTO cinema.ticket (id, date, session_id, seat_id) VALUES (413, '2024-03-02', 15, 11);
INSERT INTO cinema.ticket (id, date, session_id, seat_id) VALUES (414, '2024-03-02', 15, 22);
INSERT INTO cinema.ticket (id, date, session_id, seat_id) VALUES (415, '2024-03-02', 15, 33);
INSERT INTO cinema.ticket (id, date, session_id, seat_id) VALUES (416, '2024-03-02', 15, 34);
INSERT INTO cinema.ticket (id, date, session_id, seat_id) VALUES (417, '2024-03-02', 15, 45);
INSERT INTO cinema.ticket (id, date, session_id, seat_id) VALUES (420, '2024-03-02', 16, 22);
INSERT INTO cinema.ticket (id, date, session_id, seat_id) VALUES (421, '2024-03-02', 16, 23);
INSERT INTO cinema.ticket (id, date, session_id, seat_id) VALUES (422, '2024-03-02', 16, 25);
INSERT INTO cinema.ticket (id, date, session_id, seat_id) VALUES (418, '2024-03-02', 16, 46);
INSERT INTO cinema.ticket (id, date, session_id, seat_id) VALUES (419, '2024-03-02', 16, 47);
INSERT INTO cinema.ticket (id, date, session_id, seat_id) VALUES (423, '2024-03-02', 17, 10);
INSERT INTO cinema.ticket (id, date, session_id, seat_id) VALUES (424, '2024-03-02', 17, 11);
INSERT INTO cinema.ticket (id, date, session_id, seat_id) VALUES (425, '2024-03-02', 17, 12);
INSERT INTO cinema.ticket (id, date, session_id, seat_id) VALUES (426, '2024-03-02', 17, 13);
INSERT INTO cinema.ticket (id, date, session_id, seat_id) VALUES (427, '2024-03-02', 17, 27);
INSERT INTO cinema.ticket (id, date, session_id, seat_id) VALUES (428, '2024-03-02', 17, 47);
INSERT INTO cinema.ticket (id, date, session_id, seat_id) VALUES (429, '2024-03-02', 17, 55);
INSERT INTO cinema.ticket (id, date, session_id, seat_id) VALUES (431, '2024-03-02', 18, 9);
INSERT INTO cinema.ticket (id, date, session_id, seat_id) VALUES (430, '2024-03-02', 18, 56);
INSERT INTO cinema.ticket (id, date, session_id, seat_id) VALUES (432, '2024-03-02', 18, 57);
INSERT INTO cinema.ticket (id, date, session_id, seat_id) VALUES (433, '2024-03-02', 18, 58);
INSERT INTO cinema.ticket (id, date, session_id, seat_id) VALUES (439, '2024-03-02', 19, 3);
INSERT INTO cinema.ticket (id, date, session_id, seat_id) VALUES (435, '2024-03-02', 19, 9);
INSERT INTO cinema.ticket (id, date, session_id, seat_id) VALUES (436, '2024-03-02', 19, 10);
INSERT INTO cinema.ticket (id, date, session_id, seat_id) VALUES (437, '2024-03-02', 19, 11);
INSERT INTO cinema.ticket (id, date, session_id, seat_id) VALUES (438, '2024-03-02', 19, 12);
INSERT INTO cinema.ticket (id, date, session_id, seat_id) VALUES (434, '2024-03-02', 19, 25);
INSERT INTO cinema.ticket (id, date, session_id, seat_id) VALUES (440, '2024-03-02', 19, 55);
INSERT INTO cinema.ticket (id, date, session_id, seat_id) VALUES (441, '2024-03-02', 20, 10);
INSERT INTO cinema.ticket (id, date, session_id, seat_id) VALUES (442, '2024-03-02', 20, 12);
INSERT INTO cinema.ticket (id, date, session_id, seat_id) VALUES (443, '2024-03-02', 20, 13);
INSERT INTO cinema.ticket (id, date, session_id, seat_id) VALUES (444, '2024-03-02', 20, 55);
INSERT INTO cinema.ticket (id, date, session_id, seat_id) VALUES (445, '2024-03-02', 20, 56);
INSERT INTO cinema.ticket (id, date, session_id, seat_id) VALUES (447, '2024-03-02', 21, 43);
INSERT INTO cinema.ticket (id, date, session_id, seat_id) VALUES (448, '2024-03-02', 21, 44);
INSERT INTO cinema.ticket (id, date, session_id, seat_id) VALUES (449, '2024-03-02', 21, 45);
INSERT INTO cinema.ticket (id, date, session_id, seat_id) VALUES (446, '2024-03-02', 21, 58);
INSERT INTO cinema.ticket (id, date, session_id, seat_id) VALUES (462, '2024-03-02', 22, 9);
INSERT INTO cinema.ticket (id, date, session_id, seat_id) VALUES (463, '2024-03-02', 22, 10);
INSERT INTO cinema.ticket (id, date, session_id, seat_id) VALUES (464, '2024-03-02', 22, 12);
INSERT INTO cinema.ticket (id, date, session_id, seat_id) VALUES (459, '2024-03-02', 22, 47);
INSERT INTO cinema.ticket (id, date, session_id, seat_id) VALUES (460, '2024-03-02', 22, 55);
INSERT INTO cinema.ticket (id, date, session_id, seat_id) VALUES (461, '2024-03-02', 22, 56);
INSERT INTO cinema.ticket (id, date, session_id, seat_id) VALUES (466, '2024-03-02', 23, 11);
INSERT INTO cinema.ticket (id, date, session_id, seat_id) VALUES (465, '2024-03-02', 23, 13);
INSERT INTO cinema.ticket (id, date, session_id, seat_id) VALUES (467, '2024-03-02', 23, 14);
INSERT INTO cinema.ticket (id, date, session_id, seat_id) VALUES (468, '2024-03-02', 24, 55);
INSERT INTO cinema.ticket (id, date, session_id, seat_id) VALUES (469, '2024-03-02', 24, 56);
INSERT INTO cinema.ticket (id, date, session_id, seat_id) VALUES (471, '2024-03-02', 25, 10);
INSERT INTO cinema.ticket (id, date, session_id, seat_id) VALUES (472, '2024-03-02', 25, 11);
INSERT INTO cinema.ticket (id, date, session_id, seat_id) VALUES (473, '2024-03-02', 25, 12);
INSERT INTO cinema.ticket (id, date, session_id, seat_id) VALUES (474, '2024-03-02', 25, 13);
INSERT INTO cinema.ticket (id, date, session_id, seat_id) VALUES (470, '2024-03-02', 25, 57);
