-- phpMyAdmin SQL Dump
-- version 5.1.1deb5ubuntu1
-- https://www.phpmyadmin.net/
--
-- Хост: localhost:3306
-- Время создания: Мар 04 2024 г., 11:28
-- Версия сервера: 8.0.36
-- Версия PHP: 8.1.27

SET SQL_MODE = "NO_AUTO_VALUE_ON_ZERO";
START TRANSACTION;
SET time_zone = "+00:00";


/*!40101 SET @OLD_CHARACTER_SET_CLIENT=@@CHARACTER_SET_CLIENT */;
/*!40101 SET @OLD_CHARACTER_SET_RESULTS=@@CHARACTER_SET_RESULTS */;
/*!40101 SET @OLD_COLLATION_CONNECTION=@@COLLATION_CONNECTION */;
/*!40101 SET NAMES utf8mb4 */;

--
-- База данных: `mydb`
--

-- --------------------------------------------------------

--
-- Структура таблицы `Cinema_halls`
--

CREATE TABLE `Cinema_halls` (
  `hall_id` int NOT NULL,
  `name` varchar(45) NOT NULL,
  `effects` varchar(45) DEFAULT NULL,
  `seats_count` int NOT NULL
) ENGINE=InnoDB DEFAULT CHARSET=utf8mb4 COLLATE=utf8mb4_0900_ai_ci;

--
-- Дамп данных таблицы `Cinema_halls`
--

INSERT INTO `Cinema_halls` (`hall_id`, `name`, `effects`, `seats_count`) VALUES
(1, 'малый', '3d', 50),
(2, 'средний', '2d', 100),
(3, 'большой', '2d', 150);

-- --------------------------------------------------------

--
-- Структура таблицы `Cinema_sessions`
--

CREATE TABLE `Cinema_sessions` (
  `session_id` int NOT NULL,
  `session_start_at` datetime DEFAULT NULL,
  `session_end_at` datetime DEFAULT NULL,
  `film_id` int NOT NULL,
  `cinema_hall_id` int NOT NULL
) ENGINE=InnoDB DEFAULT CHARSET=utf8mb4 COLLATE=utf8mb4_0900_ai_ci;

--
-- Дамп данных таблицы `Cinema_sessions`
--

INSERT INTO `Cinema_sessions` (`session_id`, `session_start_at`, `session_end_at`, `film_id`, `cinema_hall_id`) VALUES
(1, '2024-03-04 10:00:00', '2024-03-04 12:50:00', 5, 2),
(2, '2024-03-04 12:50:00', '2024-03-04 15:00:00', 5, 2),
(3, '2024-03-04 15:00:00', '2024-03-04 17:50:00', 5, 2),
(4, '2024-03-04 17:50:00', '2024-03-04 20:00:00', 5, 2),
(5, '2024-03-04 20:00:00', '2024-03-04 22:50:00', 5, 2),
(6, '2024-03-04 10:00:00', '2024-03-04 12:55:00', 6, 1),
(7, '2024-03-04 12:55:00', '2024-03-04 15:10:00', 6, 1),
(8, '2024-03-04 15:10:00', '2024-03-04 17:55:00', 6, 1),
(9, '2024-03-04 17:55:00', '2024-03-04 20:05:00', 6, 1),
(10, '2024-03-04 20:05:00', '2024-03-04 22:55:00', 6, 1),
(11, '2024-03-04 10:00:00', '2024-03-04 12:55:00', 6, 3),
(12, '2024-03-04 12:55:00', '2024-03-04 15:10:00', 6, 3),
(13, '2024-03-04 15:10:00', '2024-03-04 17:55:00', 6, 3),
(14, '2024-03-04 17:55:00', '2024-03-04 20:05:00', 6, 3),
(15, '2024-03-04 20:05:00', '2024-03-04 22:55:00', 6, 3),
(16, '2024-03-05 10:00:00', '2024-03-05 13:00:00', 6, 3),
(17, '2024-03-05 13:00:00', '2024-03-05 16:00:00', 6, 3),
(18, '2024-03-05 16:00:00', '2024-03-05 19:00:00', 6, 3),
(19, '2024-03-05 21:00:00', '2024-03-05 23:00:00', 6, 3);

-- --------------------------------------------------------

--
-- Структура таблицы `Films`
--

CREATE TABLE `Films` (
  `film_id` int NOT NULL,
  `name` varchar(45) NOT NULL,
  `duration` varchar(45) DEFAULT NULL,
  `genre` varchar(45) DEFAULT NULL,
  `manufacturer` varchar(45) NOT NULL,
  `director` varchar(45) DEFAULT NULL,
  `description` varchar(255) DEFAULT NULL,
  `rental_company` int NOT NULL,
  `age_limits` int NOT NULL,
  `actors` varchar(255) DEFAULT NULL,
  `film_links` TEXT(4096) DEFAULT NULL,
  `start_rental_at` datetime DEFAULT NULL,
  `end_rental_at` datetime DEFAULT NULL
) ENGINE=InnoDB DEFAULT CHARSET=utf8mb4 COLLATE=utf8mb4_0900_ai_ci;

--
-- Дамп данных таблицы `Films`
--

INSERT INTO `Films` (`film_id`, `name`, `duration`, `genre`, `manufacturer`, `director`, `description`, `rental_company`, `age_limits`, `actors`, `film_links`, `start_rental_at`, `end_rental_at`) VALUES
(5, 'dracula', '2.45', 'ужасы', 'china', 'lu keng', 'Lorem, ipsum dolor sit amet consectetur adipisicing elit. Numquam, quaerat sequi rerum inventore assumenda, explicabo sed tenetur dicta reiciendis animi minima cum hic maiores dignissimos. Aut expedita id laboriosam sequi?', 1, 18, '{\"actors\": \"lu keng\",\"lu keng\"}', 'tmp/dracula', NULL, NULL),
(6, 'love sroty', '2.50', 'ужасы', 'usa', 'lu keng', 'Lorem, ipsum dolor sit amet consectetur adipisicing elit. Numquam, quaerat sequi rerum inventore assumenda, explicabo sed tenetur dicta reiciendis animi minima cum hic maiores dignissimos. Aut expedita id laboriosam sequi?', 2, 18, '{\"actors\": \"Bill Muray\",\"Junny Gone\"}', 'tmp/love_story', NULL, NULL),
(7, 'елки 45', '2.55', 'драма', 'россия', 'Сергей Петров', 'Lorem, ipsum dolor sit amet consectetur adipisicing elit. Numquam, quaerat sequi rerum inventore assumenda, explicabo sed tenetur dicta reiciendis animi minima cum hic maiores dignissimos. Aut expedita id laboriosam sequi?', 4, 18, '{\"actors\": \"Лев Гириш\",\"Ирина Иванова\"}', 'tmp/iolki', NULL, NULL),
(8, 'полет', '3.05', 'документальный', 'россия', 'Петр Иванов', 'Lorem, ipsum dolor sit amet consectetur adipisicing elit. Numquam, quaerat sequi rerum inventore assumenda, explicabo sed tenetur dicta reiciendis animi minima cum hic maiores dignissimos. Aut expedita id laboriosam sequi?', 3, 18, '{\"actors\": \"Лев Гириш\",\"Ирина Иванова\"}', 'tmp/dracula', NULL, NULL);

-- --------------------------------------------------------

--
-- Структура таблицы `Prices`
--

CREATE TABLE `Prices` (
  `price_id` int NOT NULL,
  `film_id` int NOT NULL,
  `base_price` decimal(6,2) NOT NULL,
  `night_price` decimal(6,2) DEFAULT NULL,
  `day_price` decimal(6,2) DEFAULT NULL
) ENGINE=InnoDB DEFAULT CHARSET=utf8mb4 COLLATE=utf8mb4_0900_ai_ci;

--
-- Дамп данных таблицы `Prices`
--

INSERT INTO `Prices` (`price_id`, `film_id`, `base_price`, `night_price`, `day_price`) VALUES
(1, 5, '200.00', '400.00', '300.00'),
(2, 6, '200.00', '400.00', '300.00'),
(3, 7, '200.00', '400.00', '300.00'),
(4, 8, '200.00', '400.00', '300.00');

-- --------------------------------------------------------

--
-- Структура таблицы `Rental_companies`
--

CREATE TABLE `Rental_companies` (
  `company_id` int NOT NULL,
  `name` varchar(100) NOT NULL,
  `phone` varchar(45) NOT NULL,
  `email` varchar(45) DEFAULT NULL
) ENGINE=InnoDB DEFAULT CHARSET=utf8mb4 COLLATE=utf8mb4_0900_ai_ci;

--
-- Дамп данных таблицы `Rental_companies`
--

INSERT INTO `Rental_companies` (`company_id`, `name`, `phone`, `email`) VALUES
(1, 'Good fiml corp', '+7 576 654 45 65', 'goodfilmcorp@gmail.com'),
(2, 'Disney Rus', '+7 345 435 13 24', 'disneyrus@gmail.com'),
(3, 'ООО Корона+', '+7 576 900 45 65', 'kinocorona@gmail.com'),
(4, 'welcome', '+7 576 435 45 65', 'welcomep@gmail.com'),
(5, 'Синима', '+7 576 654 45 65', 'cinimarusp@gmail.com');

-- --------------------------------------------------------

--
-- Структура таблицы `Scheme_halls`
--

CREATE TABLE `Scheme_halls` (
  `scheme_id` int NOT NULL,
  `hall_id` int NOT NULL,
  `series` int NOT NULL,
  `seat` int NOT NULL,
  `status` tinyint NOT NULL DEFAULT '0'
) ENGINE=InnoDB DEFAULT CHARSET=utf8mb4 COLLATE=utf8mb4_0900_ai_ci;

--
-- Дамп данных таблицы `Scheme_halls`
--

INSERT INTO `Scheme_halls` (`scheme_id`, `hall_id`, `series`, `seat`, `status`) VALUES
(1, 1, 1, 1, 0),
(2, 1, 1, 2, 0),
(3, 1, 1, 3, 0),
(4, 1, 1, 4, 0),
(5, 1, 1, 5, 0),
(6, 1, 1, 6, 0),
(7, 1, 1, 7, 0),
(8, 1, 1, 8, 0),
(9, 1, 1, 9, 0),
(10, 1, 1, 10, 0),
(11, 1, 2, 11, 0),
(12, 1, 2, 12, 0),
(13, 1, 2, 13, 0),
(14, 1, 2, 14, 0),
(15, 1, 2, 15, 0),
(16, 1, 2, 16, 0),
(17, 1, 2, 17, 0),
(18, 1, 2, 18, 0),
(19, 1, 2, 19, 0),
(20, 1, 2, 20, 0),
(21, 1, 3, 21, 0),
(22, 1, 3, 22, 0),
(23, 1, 3, 23, 0),
(24, 1, 3, 24, 0),
(25, 1, 3, 25, 0),
(26, 1, 3, 26, 0),
(27, 1, 3, 27, 0),
(28, 1, 3, 28, 0),
(29, 1, 3, 29, 0),
(30, 1, 3, 30, 0),
(31, 1, 4, 31, 0),
(32, 1, 4, 32, 0),
(33, 1, 4, 33, 0),
(34, 1, 4, 34, 0),
(35, 1, 4, 35, 0),
(36, 1, 4, 36, 0),
(37, 1, 4, 37, 0),
(38, 1, 4, 38, 0),
(39, 1, 4, 39, 0),
(40, 1, 4, 40, 0),
(41, 1, 5, 41, 0),
(42, 1, 5, 42, 0),
(43, 1, 5, 43, 0),
(44, 1, 5, 44, 0),
(45, 1, 5, 45, 0),
(46, 1, 5, 46, 0),
(47, 1, 5, 47, 0),
(48, 1, 5, 48, 0),
(49, 1, 5, 49, 0),
(50, 1, 5, 50, 0),
(51, 2, 1, 1, 0),
(52, 2, 1, 2, 0),
(53, 2, 1, 3, 0),
(54, 2, 1, 4, 0),
(55, 2, 1, 5, 0),
(56, 2, 1, 6, 0),
(57, 2, 1, 7, 0),
(58, 2, 1, 8, 0),
(59, 2, 1, 9, 0),
(60, 2, 1, 10, 0),
(61, 2, 2, 11, 0),
(62, 2, 2, 12, 0),
(63, 2, 2, 13, 0),
(64, 2, 2, 14, 0),
(65, 2, 2, 15, 0),
(66, 2, 2, 16, 0),
(67, 2, 2, 17, 0),
(68, 2, 2, 18, 0),
(69, 2, 2, 19, 0),
(70, 2, 2, 20, 0),
(71, 2, 3, 21, 0),
(72, 2, 3, 22, 0),
(73, 2, 3, 23, 0),
(74, 2, 3, 24, 0),
(75, 2, 3, 25, 0),
(76, 2, 3, 26, 0),
(77, 2, 3, 27, 0),
(78, 2, 3, 28, 0),
(79, 2, 3, 29, 0),
(80, 2, 3, 30, 0),
(81, 2, 4, 31, 0),
(82, 2, 4, 32, 0),
(83, 2, 4, 33, 0),
(84, 2, 4, 34, 0),
(85, 2, 4, 35, 0),
(86, 2, 4, 36, 0),
(87, 2, 4, 37, 0),
(88, 2, 4, 38, 0),
(89, 2, 4, 39, 0),
(90, 2, 4, 40, 0),
(91, 2, 5, 41, 0),
(92, 2, 5, 42, 0),
(93, 2, 5, 43, 0),
(94, 2, 5, 44, 0),
(95, 2, 5, 45, 0),
(96, 2, 5, 46, 0),
(97, 2, 5, 47, 0),
(98, 2, 5, 48, 0),
(99, 2, 5, 49, 0),
(100, 2, 5, 50, 0),
(101, 2, 6, 51, 0),
(102, 2, 6, 52, 0),
(103, 2, 6, 53, 0),
(104, 2, 6, 54, 0),
(105, 2, 6, 55, 0),
(106, 2, 6, 56, 0),
(107, 2, 6, 57, 0),
(108, 2, 6, 58, 0),
(109, 2, 6, 59, 0),
(110, 2, 6, 60, 0),
(111, 2, 7, 61, 0),
(112, 2, 7, 62, 0),
(113, 2, 7, 63, 0),
(114, 2, 7, 64, 0),
(115, 2, 7, 65, 0),
(116, 2, 7, 66, 0),
(117, 2, 7, 67, 0),
(118, 2, 7, 68, 0),
(119, 2, 7, 69, 0),
(120, 2, 7, 70, 0),
(121, 2, 8, 71, 0),
(122, 2, 8, 72, 0),
(123, 2, 8, 73, 0),
(124, 2, 8, 74, 0),
(125, 2, 8, 75, 0),
(126, 2, 8, 76, 0),
(127, 2, 8, 77, 0),
(128, 2, 8, 78, 0),
(129, 2, 8, 79, 0),
(130, 2, 8, 80, 0),
(131, 2, 9, 81, 0),
(132, 2, 9, 82, 0),
(133, 2, 9, 83, 0),
(134, 2, 9, 84, 0),
(135, 2, 9, 85, 0),
(136, 2, 9, 86, 0),
(137, 2, 9, 87, 0),
(138, 2, 9, 88, 0),
(139, 2, 9, 89, 0),
(140, 2, 9, 90, 0),
(141, 2, 10, 91, 0),
(142, 2, 10, 92, 0),
(143, 2, 10, 93, 0),
(144, 2, 10, 94, 0),
(145, 2, 10, 95, 0),
(146, 2, 10, 96, 0),
(147, 2, 10, 97, 0),
(148, 2, 10, 98, 0),
(149, 2, 10, 99, 0),
(150, 2, 10, 100, 0),
(151, 3, 1, 1, 0),
(152, 3, 1, 2, 0),
(153, 3, 1, 3, 0),
(154, 3, 1, 4, 0),
(155, 3, 1, 5, 0),
(156, 3, 1, 6, 0),
(157, 3, 1, 7, 0),
(158, 3, 1, 8, 0),
(159, 3, 1, 9, 0),
(160, 3, 1, 10, 0),
(161, 3, 2, 11, 0),
(162, 3, 2, 12, 0),
(163, 3, 2, 13, 0),
(164, 3, 2, 14, 0),
(165, 3, 2, 15, 0),
(166, 3, 2, 16, 0),
(167, 3, 2, 17, 0),
(168, 3, 2, 18, 0),
(169, 3, 2, 19, 0),
(170, 3, 2, 20, 0),
(171, 3, 3, 21, 0),
(172, 3, 3, 22, 0),
(173, 3, 3, 23, 0),
(174, 3, 3, 24, 0),
(175, 3, 3, 25, 0),
(176, 3, 3, 26, 0),
(177, 3, 3, 27, 0),
(178, 3, 3, 28, 0),
(179, 3, 3, 29, 0),
(180, 3, 3, 30, 0),
(181, 3, 4, 31, 0),
(182, 3, 4, 32, 0),
(183, 3, 4, 33, 0),
(184, 3, 4, 34, 0),
(185, 3, 4, 35, 0),
(186, 3, 4, 36, 0),
(187, 3, 4, 37, 0),
(188, 3, 4, 38, 0),
(189, 3, 4, 39, 0),
(190, 3, 4, 40, 0),
(191, 3, 5, 41, 0),
(192, 3, 5, 42, 0),
(193, 3, 5, 43, 0),
(194, 3, 5, 44, 0),
(195, 3, 5, 45, 0),
(196, 3, 5, 46, 0),
(197, 3, 5, 47, 0),
(198, 3, 5, 48, 0),
(199, 3, 5, 49, 0),
(200, 3, 5, 50, 0),
(201, 3, 6, 51, 0),
(202, 3, 6, 52, 0),
(203, 3, 6, 53, 0),
(204, 3, 6, 54, 0),
(205, 3, 6, 55, 0),
(206, 3, 6, 56, 0),
(207, 3, 6, 57, 0),
(208, 3, 6, 58, 0),
(209, 3, 6, 59, 0),
(210, 3, 6, 60, 0),
(211, 3, 7, 61, 0),
(212, 3, 7, 62, 0),
(213, 3, 7, 63, 0),
(214, 3, 7, 64, 0),
(215, 3, 7, 65, 0),
(216, 3, 7, 66, 0),
(217, 3, 7, 67, 0),
(218, 3, 7, 68, 0),
(219, 3, 7, 69, 0),
(220, 3, 7, 70, 0),
(221, 3, 8, 71, 0),
(222, 3, 8, 72, 0),
(223, 3, 8, 73, 0),
(224, 3, 8, 74, 0),
(225, 3, 8, 75, 0),
(226, 3, 8, 76, 0),
(227, 3, 8, 77, 0),
(228, 3, 8, 78, 0),
(229, 3, 8, 79, 0),
(230, 3, 8, 80, 0),
(231, 3, 9, 81, 0),
(232, 3, 9, 82, 0),
(233, 3, 9, 83, 0),
(234, 3, 9, 84, 0),
(235, 3, 9, 85, 0),
(236, 3, 9, 86, 0),
(237, 3, 9, 87, 0),
(238, 3, 9, 88, 0),
(239, 3, 9, 89, 0),
(240, 3, 9, 90, 0),
(241, 3, 10, 91, 0),
(242, 3, 10, 92, 0),
(243, 3, 10, 93, 0),
(244, 3, 10, 94, 0),
(245, 3, 10, 95, 0),
(246, 3, 10, 96, 0),
(247, 3, 10, 97, 0),
(248, 3, 10, 98, 0),
(249, 3, 10, 99, 0),
(250, 3, 10, 100, 0),
(251, 3, 11, 101, 0),
(252, 3, 11, 102, 0),
(253, 3, 11, 103, 0),
(254, 3, 11, 104, 0),
(255, 3, 11, 105, 0),
(256, 3, 11, 106, 0),
(257, 3, 11, 107, 0),
(258, 3, 11, 108, 0),
(259, 3, 11, 109, 0),
(260, 3, 11, 110, 0),
(261, 3, 12, 111, 0),
(262, 3, 12, 112, 0),
(263, 3, 12, 113, 0),
(264, 3, 12, 114, 0),
(265, 3, 12, 115, 0),
(266, 3, 12, 116, 0),
(267, 3, 12, 117, 0),
(268, 3, 12, 118, 0),
(269, 3, 12, 119, 0),
(270, 3, 12, 120, 0),
(271, 3, 13, 121, 0),
(272, 3, 13, 122, 0),
(273, 3, 13, 123, 0),
(274, 3, 13, 124, 0),
(275, 3, 13, 125, 0),
(276, 3, 13, 126, 0),
(277, 3, 13, 127, 0),
(278, 3, 13, 128, 0),
(279, 3, 13, 129, 0),
(280, 3, 13, 130, 0),
(281, 3, 14, 131, 0),
(282, 3, 14, 132, 0),
(283, 3, 14, 133, 0),
(284, 3, 14, 134, 0),
(285, 3, 14, 135, 0),
(286, 3, 14, 136, 0),
(287, 3, 14, 137, 0),
(288, 3, 14, 138, 0),
(289, 3, 14, 139, 0),
(290, 3, 14, 140, 0),
(291, 3, 15, 141, 0),
(292, 3, 15, 142, 0),
(293, 3, 15, 143, 0),
(294, 3, 15, 144, 0),
(295, 3, 15, 145, 0),
(296, 3, 15, 146, 0),
(297, 3, 15, 147, 0),
(298, 3, 15, 148, 0),
(299, 3, 15, 149, 0),
(300, 3, 15, 150, 0);

-- --------------------------------------------------------

--
-- Структура таблицы `Tikets`
--

CREATE TABLE `Tikets` (
  `tiket_id` int NOT NULL,
  `session_id` int NOT NULL,
  `price` decimal(6,2) DEFAULT NULL
) ENGINE=InnoDB DEFAULT CHARSET=utf8mb4 COLLATE=utf8mb4_0900_ai_ci;

--
-- Дамп данных таблицы `Tikets`
--

INSERT INTO `Tikets` (`tiket_id`, `session_id`, `price`) VALUES
(1, 1, '300.00'),
(2, 1, '300.00'),
(3, 1, '300.00'),
(4, 1, '300.00'),
(5, 1, '300.00'),
(6, 1, '300.00'),
(7, 1, '300.00'),
(8, 1, '300.00'),
(9, 1, '300.00'),
(10, 1, '300.00'),
(11, 1, '300.00'),
(12, 1, '300.00'),
(13, 1, '300.00'),
(14, 1, '300.00'),
(15, 1, '300.00'),
(16, 1, '300.00'),
(17, 1, '300.00'),
(18, 1, '300.00'),
(19, 1, '300.00'),
(20, 1, '300.00'),
(21, 2, '300.00'),
(22, 2, '300.00'),
(23, 2, '300.00'),
(24, 2, '300.00'),
(25, 2, '300.00'),
(26, 2, '300.00'),
(27, 2, '300.00'),
(28, 2, '300.00'),
(29, 2, '300.00'),
(30, 2, '300.00'),
(31, 2, '300.00'),
(32, 2, '300.00'),
(33, 2, '300.00'),
(34, 2, '300.00'),
(35, 2, '300.00'),
(36, 2, '300.00'),
(37, 2, '300.00'),
(38, 2, '300.00'),
(39, 2, '300.00'),
(40, 2, '300.00'),
(41, 2, '300.00'),
(42, 2, '300.00'),
(43, 2, '300.00'),
(44, 3, '300.00'),
(45, 3, '300.00'),
(46, 3, '300.00'),
(47, 3, '300.00'),
(48, 3, '300.00'),
(49, 3, '300.00'),
(50, 3, '300.00'),
(51, 3, '300.00'),
(52, 3, '300.00'),
(53, 3, '300.00'),
(54, 3, '300.00'),
(55, 3, '300.00'),
(56, 3, '300.00'),
(57, 3, '300.00'),
(58, 3, '300.00'),
(59, 4, '400.00'),
(60, 4, '400.00'),
(61, 4, '400.00'),
(62, 4, '400.00'),
(63, 4, '400.00'),
(64, 4, '400.00'),
(65, 4, '400.00'),
(66, 4, '400.00'),
(67, 4, '400.00'),
(68, 4, '400.00'),
(69, 4, '400.00'),
(70, 4, '400.00'),
(71, 4, '400.00'),
(72, 4, '400.00'),
(73, 4, '400.00'),
(74, 4, '400.00'),
(75, 4, '400.00'),
(76, 4, '400.00'),
(77, 4, '400.00'),
(78, 4, '400.00'),
(79, 4, '400.00'),
(80, 4, '400.00'),
(81, 4, '400.00'),
(82, 4, '400.00'),
(83, 4, '400.00'),
(84, 4, '400.00'),
(85, 4, '400.00'),
(86, 4, '400.00'),
(87, 4, '400.00'),
(88, 4, '400.00'),
(89, 4, '400.00'),
(90, 4, '400.00'),
(91, 4, '400.00'),
(92, 4, '400.00'),
(93, 4, '400.00'),
(94, 4, '400.00'),
(95, 4, '400.00'),
(96, 4, '400.00'),
(97, 4, '400.00'),
(98, 4, '400.00'),
(99, 4, '400.00'),
(100, 4, '400.00'),
(101, 4, '400.00'),
(102, 4, '400.00'),
(103, 4, '400.00'),
(104, 4, '400.00'),
(105, 4, '400.00'),
(106, 4, '400.00'),
(107, 4, '400.00'),
(108, 4, '400.00'),
(109, 4, '400.00'),
(110, 5, '400.00'),
(111, 5, '400.00'),
(112, 5, '400.00'),
(113, 5, '400.00'),
(114, 5, '400.00'),
(115, 5, '400.00'),
(116, 5, '400.00'),
(117, 5, '400.00'),
(118, 5, '400.00'),
(119, 5, '400.00'),
(120, 5, '400.00'),
(121, 5, '400.00'),
(122, 5, '400.00'),
(123, 5, '400.00'),
(124, 5, '400.00'),
(125, 5, '400.00'),
(126, 5, '400.00'),
(127, 5, '400.00'),
(128, 5, '400.00'),
(129, 5, '400.00'),
(130, 5, '400.00'),
(131, 5, '400.00'),
(132, 5, '400.00'),
(133, 5, '400.00'),
(134, 5, '400.00'),
(135, 5, '400.00'),
(136, 5, '400.00'),
(137, 5, '400.00'),
(138, 5, '400.00'),
(139, 5, '400.00'),
(140, 5, '400.00'),
(141, 5, '400.00'),
(142, 5, '400.00'),
(143, 5, '400.00'),
(144, 5, '400.00'),
(145, 5, '400.00'),
(146, 5, '400.00'),
(147, 5, '400.00'),
(148, 5, '400.00'),
(149, 5, '400.00'),
(150, 5, '400.00'),
(151, 5, '400.00'),
(152, 5, '400.00'),
(153, 5, '400.00'),
(154, 5, '400.00'),
(155, 5, '400.00'),
(156, 5, '400.00'),
(157, 5, '400.00'),
(158, 5, '400.00'),
(159, 5, '400.00'),
(160, 5, '400.00'),
(161, 5, '400.00'),
(162, 5, '400.00'),
(163, 5, '400.00'),
(164, 5, '400.00'),
(165, 5, '400.00'),
(166, 5, '400.00'),
(167, 5, '400.00'),
(168, 5, '400.00'),
(169, 5, '400.00'),
(170, 5, '400.00'),
(171, 5, '400.00'),
(172, 5, '400.00'),
(173, 5, '400.00'),
(174, 5, '400.00'),
(175, 5, '400.00'),
(176, 5, '400.00'),
(177, 5, '400.00'),
(178, 5, '400.00'),
(179, 5, '400.00'),
(180, 5, '400.00'),
(181, 5, '400.00'),
(182, 5, '400.00'),
(183, 5, '400.00'),
(184, 5, '400.00'),
(185, 5, '400.00'),
(186, 5, '400.00'),
(187, 5, '400.00'),
(188, 5, '400.00'),
(189, 5, '400.00'),
(190, 5, '400.00'),
(191, 5, '400.00'),
(192, 5, '400.00'),
(193, 5, '400.00'),
(194, 5, '400.00'),
(195, 5, '400.00'),
(196, 5, '400.00'),
(197, 5, '400.00'),
(198, 5, '400.00'),
(199, 5, '400.00'),
(200, 5, '400.00'),
(201, 5, '400.00'),
(202, 5, '400.00'),
(203, 5, '400.00'),
(204, 5, '400.00'),
(205, 5, '400.00'),
(206, 5, '400.00'),
(207, 5, '400.00'),
(208, 5, '400.00'),
(209, 5, '400.00'),
(210, 5, '400.00'),
(211, 5, '400.00'),
(212, 5, '400.00'),
(213, 5, '400.00'),
(214, 5, '400.00'),
(215, 5, '400.00'),
(216, 5, '400.00'),
(217, 5, '400.00'),
(218, 5, '400.00'),
(219, 6, '300.00'),
(220, 6, '300.00'),
(221, 6, '300.00'),
(222, 6, '300.00'),
(223, 6, '300.00'),
(224, 6, '300.00'),
(225, 6, '300.00'),
(226, 6, '300.00'),
(227, 6, '300.00'),
(228, 6, '300.00'),
(229, 6, '300.00'),
(230, 6, '300.00'),
(231, 6, '300.00'),
(232, 6, '300.00'),
(233, 6, '300.00'),
(234, 6, '300.00'),
(235, 6, '300.00'),
(236, 6, '300.00'),
(237, 7, '300.00'),
(238, 7, '300.00'),
(239, 7, '300.00'),
(240, 7, '300.00'),
(241, 7, '300.00'),
(242, 7, '300.00'),
(243, 7, '300.00'),
(244, 7, '300.00'),
(245, 7, '300.00'),
(246, 7, '300.00'),
(247, 7, '300.00'),
(248, 7, '300.00'),
(249, 7, '300.00'),
(250, 7, '300.00'),
(251, 7, '300.00'),
(252, 7, '300.00'),
(253, 7, '300.00'),
(254, 7, '300.00'),
(255, 8, '300.00'),
(256, 8, '300.00'),
(257, 8, '300.00'),
(258, 8, '300.00'),
(259, 8, '300.00'),
(260, 8, '300.00'),
(261, 8, '300.00'),
(262, 8, '300.00'),
(263, 8, '300.00'),
(264, 8, '300.00'),
(265, 8, '300.00'),
(266, 8, '300.00'),
(267, 8, '300.00'),
(268, 8, '300.00'),
(269, 8, '300.00'),
(270, 8, '300.00'),
(271, 8, '300.00'),
(272, 8, '300.00'),
(273, 8, '300.00'),
(274, 8, '300.00'),
(275, 8, '300.00'),
(276, 8, '300.00'),
(277, 8, '300.00'),
(278, 8, '300.00'),
(279, 8, '300.00'),
(280, 8, '300.00'),
(281, 8, '300.00'),
(282, 8, '300.00'),
(283, 8, '300.00'),
(284, 8, '300.00'),
(285, 8, '300.00'),
(286, 8, '300.00'),
(287, 8, '300.00'),
(288, 8, '300.00'),
(289, 8, '300.00'),
(290, 8, '300.00'),
(291, 8, '300.00'),
(292, 8, '300.00'),
(293, 8, '300.00'),
(294, 8, '300.00'),
(295, 8, '300.00'),
(296, 8, '300.00'),
(297, 8, '300.00'),
(298, 8, '300.00'),
(299, 8, '300.00'),
(300, 8, '300.00'),
(301, 8, '300.00'),
(302, 8, '300.00'),
(303, 8, '300.00'),
(304, 8, '300.00'),
(305, 8, '300.00'),
(306, 8, '300.00'),
(307, 8, '300.00'),
(308, 8, '300.00'),
(309, 8, '300.00'),
(310, 8, '300.00'),
(311, 8, '300.00'),
(312, 8, '300.00'),
(313, 9, '400.00'),
(314, 9, '400.00'),
(315, 9, '400.00'),
(316, 9, '400.00'),
(317, 9, '400.00'),
(318, 9, '400.00'),
(319, 9, '400.00'),
(320, 9, '400.00'),
(321, 9, '400.00'),
(322, 9, '400.00'),
(323, 9, '400.00'),
(324, 9, '400.00'),
(325, 9, '400.00'),
(326, 9, '400.00'),
(327, 9, '400.00'),
(328, 9, '400.00'),
(329, 9, '400.00'),
(330, 9, '400.00'),
(331, 9, '400.00'),
(332, 9, '400.00'),
(333, 9, '400.00'),
(334, 9, '400.00'),
(335, 9, '400.00'),
(336, 9, '400.00'),
(337, 9, '400.00'),
(338, 9, '400.00'),
(339, 9, '400.00'),
(340, 9, '400.00'),
(341, 9, '400.00'),
(342, 9, '400.00'),
(343, 9, '400.00'),
(344, 9, '400.00'),
(345, 9, '400.00'),
(346, 9, '400.00'),
(347, 9, '400.00'),
(348, 9, '400.00'),
(349, 9, '400.00'),
(350, 9, '400.00'),
(351, 9, '400.00'),
(352, 9, '400.00'),
(353, 9, '400.00'),
(354, 9, '400.00'),
(355, 9, '400.00'),
(356, 9, '400.00'),
(357, 9, '400.00'),
(358, 10, '400.00'),
(359, 10, '400.00'),
(360, 10, '400.00'),
(361, 10, '400.00'),
(362, 10, '400.00'),
(363, 10, '400.00'),
(364, 10, '400.00'),
(365, 10, '400.00'),
(366, 10, '400.00'),
(367, 10, '400.00'),
(368, 10, '400.00'),
(369, 10, '400.00'),
(370, 10, '400.00'),
(371, 10, '400.00'),
(372, 10, '400.00'),
(373, 10, '400.00'),
(374, 10, '400.00'),
(375, 10, '400.00'),
(376, 10, '400.00'),
(377, 10, '400.00'),
(378, 10, '400.00'),
(379, 10, '400.00'),
(380, 10, '400.00'),
(381, 10, '400.00'),
(382, 10, '400.00'),
(383, 10, '400.00'),
(384, 10, '400.00'),
(385, 10, '400.00'),
(386, 10, '400.00'),
(387, 10, '400.00'),
(388, 10, '400.00'),
(389, 10, '400.00'),
(390, 10, '400.00'),
(391, 10, '400.00'),
(392, 10, '400.00'),
(393, 10, '400.00'),
(394, 10, '400.00'),
(395, 10, '400.00'),
(396, 10, '400.00'),
(397, 10, '400.00'),
(398, 10, '400.00'),
(399, 10, '400.00'),
(400, 10, '400.00'),
(401, 10, '400.00'),
(402, 10, '400.00'),
(403, 10, '400.00'),
(404, 10, '400.00'),
(405, 10, '400.00'),
(406, 11, '300.00'),
(407, 11, '300.00'),
(408, 11, '300.00'),
(409, 11, '300.00'),
(410, 11, '300.00'),
(411, 11, '300.00'),
(412, 11, '300.00'),
(413, 11, '300.00'),
(414, 11, '300.00'),
(415, 11, '300.00'),
(416, 11, '300.00'),
(417, 11, '300.00'),
(418, 11, '300.00'),
(419, 11, '300.00'),
(420, 11, '300.00'),
(421, 11, '300.00'),
(422, 11, '300.00'),
(423, 11, '300.00'),
(424, 11, '300.00'),
(425, 11, '300.00'),
(426, 11, '300.00'),
(427, 11, '300.00'),
(428, 11, '300.00'),
(429, 11, '300.00'),
(430, 11, '300.00'),
(431, 11, '300.00'),
(432, 11, '300.00'),
(433, 11, '300.00'),
(434, 11, '300.00'),
(435, 11, '300.00'),
(436, 11, '300.00'),
(437, 11, '300.00'),
(438, 11, '300.00'),
(439, 11, '300.00'),
(440, 11, '300.00'),
(441, 11, '300.00'),
(442, 11, '300.00'),
(443, 11, '300.00'),
(444, 11, '300.00'),
(445, 11, '300.00'),
(446, 11, '300.00'),
(447, 11, '300.00'),
(448, 11, '300.00'),
(449, 11, '300.00'),
(450, 11, '300.00'),
(451, 11, '300.00'),
(452, 11, '300.00'),
(453, 11, '300.00'),
(454, 11, '300.00'),
(455, 11, '300.00'),
(456, 11, '300.00'),
(457, 11, '300.00'),
(458, 11, '300.00'),
(459, 11, '300.00'),
(460, 11, '300.00'),
(461, 11, '300.00'),
(462, 11, '300.00'),
(463, 11, '300.00'),
(464, 11, '300.00'),
(465, 11, '300.00'),
(466, 12, '300.00'),
(467, 12, '300.00'),
(468, 12, '300.00'),
(469, 12, '300.00'),
(470, 12, '300.00'),
(471, 12, '300.00'),
(472, 12, '300.00'),
(473, 12, '300.00'),
(474, 12, '300.00'),
(475, 12, '300.00'),
(476, 12, '300.00'),
(477, 12, '300.00'),
(478, 12, '300.00'),
(479, 12, '300.00'),
(480, 12, '300.00'),
(481, 12, '300.00'),
(482, 12, '300.00'),
(483, 12, '300.00'),
(484, 12, '300.00'),
(485, 12, '300.00'),
(486, 12, '300.00'),
(487, 12, '300.00'),
(488, 12, '300.00'),
(489, 12, '300.00'),
(490, 12, '300.00'),
(491, 12, '300.00'),
(492, 12, '300.00'),
(493, 12, '300.00'),
(494, 12, '300.00'),
(495, 12, '300.00'),
(496, 12, '300.00'),
(497, 12, '300.00'),
(498, 12, '300.00'),
(499, 12, '300.00'),
(500, 12, '300.00'),
(501, 12, '300.00'),
(502, 12, '300.00'),
(503, 12, '300.00'),
(504, 12, '300.00'),
(505, 12, '300.00'),
(506, 12, '300.00'),
(507, 12, '300.00'),
(508, 12, '300.00'),
(509, 12, '300.00'),
(510, 12, '300.00'),
(511, 12, '300.00'),
(512, 12, '300.00'),
(513, 12, '300.00'),
(514, 12, '300.00'),
(515, 12, '300.00'),
(516, 12, '300.00'),
(517, 12, '300.00'),
(518, 12, '300.00'),
(519, 12, '300.00'),
(520, 12, '300.00'),
(521, 12, '300.00'),
(522, 12, '300.00'),
(523, 12, '300.00'),
(524, 12, '300.00'),
(525, 12, '300.00'),
(526, 12, '300.00'),
(527, 12, '300.00'),
(528, 12, '300.00'),
(529, 12, '300.00'),
(530, 12, '300.00'),
(531, 12, '300.00'),
(532, 12, '300.00'),
(533, 12, '300.00'),
(534, 12, '300.00'),
(535, 12, '300.00'),
(536, 12, '300.00'),
(537, 12, '300.00'),
(538, 12, '300.00'),
(539, 12, '300.00'),
(540, 12, '300.00'),
(541, 12, '300.00'),
(542, 13, '300.00'),
(543, 13, '300.00'),
(544, 13, '300.00'),
(545, 13, '300.00'),
(546, 13, '300.00'),
(547, 13, '300.00'),
(548, 13, '300.00'),
(549, 13, '300.00'),
(550, 13, '300.00'),
(551, 13, '300.00'),
(552, 13, '300.00'),
(553, 13, '300.00'),
(554, 13, '300.00'),
(555, 13, '300.00'),
(556, 13, '300.00'),
(557, 13, '300.00'),
(558, 13, '300.00'),
(559, 13, '300.00'),
(560, 13, '300.00'),
(561, 13, '300.00'),
(562, 13, '300.00'),
(563, 13, '300.00'),
(564, 13, '300.00'),
(565, 13, '300.00'),
(566, 13, '300.00'),
(567, 13, '300.00'),
(568, 13, '300.00'),
(569, 13, '300.00'),
(570, 13, '300.00'),
(571, 13, '300.00'),
(572, 13, '300.00'),
(573, 13, '300.00'),
(574, 13, '300.00'),
(575, 13, '300.00'),
(576, 13, '300.00'),
(577, 13, '300.00'),
(578, 13, '300.00'),
(579, 13, '300.00'),
(580, 13, '300.00'),
(581, 13, '300.00'),
(582, 13, '300.00'),
(583, 13, '300.00'),
(584, 13, '300.00'),
(585, 13, '300.00'),
(586, 13, '300.00'),
(587, 13, '300.00'),
(588, 13, '300.00'),
(589, 13, '300.00'),
(590, 13, '300.00'),
(591, 13, '300.00'),
(592, 13, '300.00'),
(593, 13, '300.00'),
(594, 13, '300.00'),
(595, 13, '300.00'),
(596, 13, '300.00'),
(597, 13, '300.00'),
(598, 13, '300.00'),
(599, 13, '300.00'),
(600, 13, '300.00'),
(601, 13, '300.00'),
(602, 13, '300.00'),
(603, 13, '300.00'),
(604, 13, '300.00'),
(605, 13, '300.00'),
(606, 13, '300.00'),
(607, 13, '300.00'),
(608, 13, '300.00'),
(609, 13, '300.00'),
(610, 13, '300.00'),
(611, 13, '300.00'),
(612, 13, '300.00'),
(613, 13, '300.00'),
(614, 13, '300.00'),
(615, 13, '300.00'),
(616, 13, '300.00'),
(617, 13, '300.00'),
(618, 13, '300.00'),
(619, 13, '300.00'),
(620, 13, '300.00'),
(621, 13, '300.00'),
(622, 14, '400.00'),
(623, 14, '400.00'),
(624, 14, '400.00'),
(625, 14, '400.00'),
(626, 14, '400.00'),
(627, 14, '400.00'),
(628, 14, '400.00'),
(629, 14, '400.00'),
(630, 14, '400.00'),
(631, 14, '400.00'),
(632, 14, '400.00'),
(633, 14, '400.00'),
(634, 14, '400.00'),
(635, 14, '400.00'),
(636, 14, '400.00'),
(637, 14, '400.00'),
(638, 14, '400.00'),
(639, 14, '400.00'),
(640, 14, '400.00'),
(641, 14, '400.00'),
(642, 14, '400.00'),
(643, 14, '400.00'),
(644, 14, '400.00'),
(645, 14, '400.00'),
(646, 14, '400.00'),
(647, 14, '400.00'),
(648, 14, '400.00'),
(649, 14, '400.00'),
(650, 14, '400.00'),
(651, 14, '400.00'),
(652, 14, '400.00'),
(653, 14, '400.00'),
(654, 14, '400.00'),
(655, 14, '400.00'),
(656, 14, '400.00'),
(657, 14, '400.00'),
(658, 14, '400.00'),
(659, 14, '400.00'),
(660, 14, '400.00'),
(661, 14, '400.00'),
(662, 14, '400.00'),
(663, 14, '400.00'),
(664, 14, '400.00'),
(665, 14, '400.00'),
(666, 14, '400.00'),
(667, 14, '400.00'),
(668, 14, '400.00'),
(669, 14, '400.00'),
(670, 14, '400.00'),
(671, 14, '400.00'),
(672, 14, '400.00'),
(673, 14, '400.00'),
(674, 14, '400.00'),
(675, 14, '400.00'),
(676, 14, '400.00'),
(677, 14, '400.00'),
(678, 14, '400.00'),
(679, 14, '400.00'),
(680, 14, '400.00'),
(681, 14, '400.00'),
(682, 14, '400.00'),
(683, 14, '400.00'),
(684, 14, '400.00'),
(685, 14, '400.00'),
(686, 14, '400.00'),
(687, 14, '400.00'),
(688, 14, '400.00'),
(689, 14, '400.00'),
(690, 14, '400.00'),
(691, 14, '400.00'),
(692, 14, '400.00'),
(693, 14, '400.00'),
(694, 14, '400.00'),
(695, 14, '400.00'),
(696, 14, '400.00'),
(697, 14, '400.00'),
(698, 14, '400.00'),
(699, 14, '400.00'),
(700, 14, '400.00'),
(701, 14, '400.00'),
(702, 14, '400.00'),
(703, 14, '400.00'),
(704, 14, '400.00'),
(705, 14, '400.00'),
(706, 14, '400.00'),
(707, 14, '400.00'),
(708, 14, '400.00'),
(709, 14, '400.00'),
(710, 14, '400.00'),
(711, 14, '400.00'),
(712, 14, '400.00'),
(713, 14, '400.00'),
(714, 14, '400.00'),
(715, 14, '400.00'),
(716, 14, '400.00'),
(717, 14, '400.00'),
(718, 14, '400.00'),
(719, 14, '400.00'),
(720, 14, '400.00'),
(721, 14, '400.00'),
(722, 14, '400.00'),
(723, 14, '400.00'),
(724, 14, '400.00'),
(725, 14, '400.00'),
(726, 14, '400.00'),
(727, 14, '400.00'),
(728, 14, '400.00'),
(729, 14, '400.00'),
(730, 14, '400.00'),
(731, 14, '400.00'),
(732, 14, '400.00'),
(733, 14, '400.00'),
(734, 14, '400.00'),
(735, 14, '400.00'),
(736, 14, '400.00'),
(737, 14, '400.00'),
(738, 14, '400.00'),
(739, 14, '400.00'),
(740, 14, '400.00'),
(741, 14, '400.00'),
(742, 15, '300.00'),
(743, 15, '300.00'),
(744, 15, '300.00'),
(745, 15, '300.00'),
(746, 15, '300.00'),
(747, 15, '300.00'),
(748, 15, '300.00'),
(749, 15, '300.00'),
(750, 15, '300.00'),
(751, 15, '300.00'),
(752, 15, '300.00'),
(753, 15, '300.00'),
(754, 15, '300.00'),
(755, 15, '300.00'),
(756, 15, '300.00'),
(757, 15, '300.00'),
(758, 15, '300.00'),
(759, 15, '300.00'),
(760, 15, '300.00'),
(761, 15, '300.00'),
(762, 15, '300.00'),
(763, 15, '300.00'),
(764, 15, '300.00'),
(765, 15, '300.00'),
(766, 15, '300.00'),
(767, 15, '300.00'),
(768, 15, '300.00'),
(769, 15, '300.00'),
(770, 15, '300.00'),
(771, 15, '300.00'),
(772, 15, '300.00'),
(773, 15, '300.00'),
(774, 15, '300.00'),
(775, 15, '300.00'),
(776, 15, '300.00'),
(777, 15, '300.00'),
(778, 15, '300.00'),
(779, 15, '300.00'),
(780, 15, '300.00'),
(781, 15, '300.00'),
(782, 15, '300.00'),
(783, 15, '300.00'),
(784, 15, '300.00'),
(785, 15, '300.00'),
(786, 15, '300.00'),
(787, 15, '300.00'),
(788, 15, '300.00'),
(789, 15, '300.00'),
(790, 15, '300.00'),
(791, 15, '300.00'),
(792, 15, '300.00'),
(793, 15, '300.00'),
(794, 15, '300.00'),
(795, 15, '300.00'),
(796, 15, '300.00'),
(797, 15, '300.00'),
(798, 15, '300.00'),
(799, 15, '300.00'),
(800, 15, '300.00'),
(801, 15, '300.00'),
(802, 16, '300.00'),
(803, 16, '300.00'),
(804, 16, '300.00'),
(805, 16, '300.00'),
(806, 16, '300.00'),
(807, 16, '300.00'),
(808, 16, '300.00'),
(809, 16, '300.00'),
(810, 16, '300.00'),
(811, 16, '300.00'),
(812, 16, '300.00'),
(813, 16, '300.00'),
(814, 16, '300.00'),
(815, 16, '300.00'),
(816, 16, '300.00'),
(817, 16, '300.00'),
(818, 16, '300.00'),
(819, 16, '300.00'),
(820, 16, '300.00'),
(821, 16, '300.00'),
(822, 16, '300.00'),
(823, 16, '300.00'),
(824, 16, '300.00'),
(825, 16, '300.00'),
(826, 16, '300.00'),
(827, 16, '300.00'),
(828, 16, '300.00'),
(829, 16, '300.00'),
(830, 16, '300.00'),
(831, 16, '300.00'),
(832, 16, '300.00'),
(833, 16, '300.00'),
(834, 16, '300.00'),
(835, 16, '300.00'),
(836, 16, '300.00'),
(837, 16, '300.00'),
(838, 16, '300.00'),
(839, 16, '300.00'),
(840, 16, '300.00'),
(841, 16, '300.00'),
(842, 16, '300.00'),
(843, 16, '300.00'),
(844, 16, '300.00'),
(845, 16, '300.00'),
(846, 16, '300.00'),
(847, 16, '300.00'),
(848, 16, '300.00'),
(849, 16, '300.00'),
(850, 16, '300.00'),
(851, 16, '300.00'),
(852, 16, '300.00'),
(853, 16, '300.00'),
(854, 16, '300.00'),
(855, 16, '300.00'),
(856, 16, '300.00'),
(857, 16, '300.00'),
(858, 16, '300.00'),
(859, 16, '300.00'),
(860, 16, '300.00'),
(861, 16, '300.00'),
(862, 16, '300.00'),
(863, 16, '300.00'),
(864, 16, '300.00'),
(865, 16, '300.00'),
(866, 16, '300.00'),
(867, 16, '300.00'),
(868, 16, '300.00'),
(869, 17, '300.00'),
(870, 17, '300.00'),
(871, 17, '300.00'),
(872, 17, '300.00'),
(873, 17, '300.00'),
(874, 17, '300.00'),
(875, 17, '300.00'),
(876, 17, '300.00'),
(877, 17, '300.00'),
(878, 17, '300.00'),
(879, 17, '300.00'),
(880, 17, '300.00'),
(881, 17, '300.00'),
(882, 17, '300.00'),
(883, 17, '300.00'),
(884, 17, '300.00'),
(885, 17, '300.00'),
(886, 17, '300.00'),
(887, 17, '300.00'),
(888, 17, '300.00'),
(889, 17, '300.00'),
(890, 17, '300.00'),
(891, 17, '300.00'),
(892, 17, '300.00'),
(893, 17, '300.00'),
(894, 17, '300.00'),
(895, 17, '300.00'),
(896, 17, '300.00'),
(897, 17, '300.00'),
(898, 17, '300.00'),
(899, 17, '300.00'),
(900, 17, '300.00'),
(901, 17, '300.00'),
(902, 17, '300.00'),
(903, 17, '300.00'),
(904, 17, '300.00'),
(905, 17, '300.00'),
(906, 17, '300.00'),
(907, 17, '300.00'),
(908, 17, '300.00'),
(909, 17, '300.00'),
(910, 17, '300.00'),
(911, 17, '300.00'),
(912, 17, '300.00'),
(913, 17, '300.00'),
(914, 17, '300.00'),
(915, 17, '300.00'),
(916, 17, '300.00'),
(917, 17, '300.00'),
(918, 17, '300.00'),
(919, 17, '300.00'),
(920, 17, '300.00'),
(921, 17, '300.00'),
(922, 17, '300.00'),
(923, 17, '300.00'),
(924, 17, '300.00'),
(925, 17, '300.00'),
(926, 17, '300.00'),
(927, 17, '300.00'),
(928, 17, '300.00'),
(929, 17, '300.00'),
(930, 17, '300.00'),
(931, 17, '300.00'),
(932, 17, '300.00'),
(933, 17, '300.00'),
(934, 17, '300.00'),
(935, 17, '300.00'),
(936, 17, '300.00'),
(937, 17, '300.00'),
(938, 17, '300.00'),
(939, 17, '300.00'),
(940, 17, '300.00'),
(941, 17, '300.00'),
(942, 17, '300.00'),
(943, 17, '300.00'),
(944, 17, '300.00'),
(945, 17, '300.00'),
(946, 17, '300.00'),
(947, 17, '300.00'),
(948, 17, '300.00'),
(949, 17, '300.00'),
(950, 17, '300.00'),
(951, 17, '300.00'),
(952, 17, '300.00'),
(953, 17, '300.00'),
(954, 17, '300.00'),
(955, 17, '300.00'),
(956, 17, '300.00'),
(957, 17, '300.00'),
(958, 18, '400.00'),
(959, 18, '400.00'),
(960, 18, '400.00'),
(961, 18, '400.00'),
(962, 18, '400.00'),
(963, 18, '400.00'),
(964, 18, '400.00'),
(965, 18, '400.00'),
(966, 18, '400.00'),
(967, 18, '400.00'),
(968, 18, '400.00'),
(969, 18, '400.00'),
(970, 18, '400.00'),
(971, 18, '400.00'),
(972, 18, '400.00'),
(973, 18, '400.00'),
(974, 18, '400.00'),
(975, 18, '400.00'),
(976, 18, '400.00'),
(977, 18, '400.00'),
(978, 18, '400.00'),
(979, 18, '400.00'),
(980, 18, '400.00'),
(981, 18, '400.00'),
(982, 18, '400.00'),
(983, 18, '400.00'),
(984, 18, '400.00'),
(985, 18, '400.00'),
(986, 18, '400.00'),
(987, 18, '400.00'),
(988, 18, '400.00'),
(989, 18, '400.00'),
(990, 18, '400.00'),
(991, 18, '400.00'),
(992, 18, '400.00'),
(993, 18, '400.00'),
(994, 18, '400.00'),
(995, 18, '400.00'),
(996, 18, '400.00'),
(997, 18, '400.00'),
(998, 18, '400.00'),
(999, 18, '400.00'),
(1000, 18, '400.00'),
(1001, 18, '400.00'),
(1002, 18, '400.00'),
(1003, 18, '400.00'),
(1004, 18, '400.00'),
(1005, 18, '400.00'),
(1006, 18, '400.00'),
(1007, 18, '400.00'),
(1008, 18, '400.00'),
(1009, 18, '400.00'),
(1010, 18, '400.00'),
(1011, 18, '400.00'),
(1012, 18, '400.00'),
(1013, 18, '400.00'),
(1014, 18, '400.00'),
(1015, 18, '400.00'),
(1016, 18, '400.00'),
(1017, 18, '400.00'),
(1018, 18, '400.00'),
(1019, 18, '400.00'),
(1020, 18, '400.00'),
(1021, 18, '400.00'),
(1022, 18, '400.00'),
(1023, 18, '400.00'),
(1024, 18, '400.00'),
(1025, 18, '400.00'),
(1026, 18, '400.00'),
(1027, 18, '400.00'),
(1028, 18, '400.00'),
(1029, 18, '400.00'),
(1030, 18, '400.00'),
(1031, 18, '400.00'),
(1032, 18, '400.00'),
(1033, 18, '400.00'),
(1034, 18, '400.00'),
(1035, 18, '400.00'),
(1036, 18, '400.00'),
(1037, 18, '400.00'),
(1038, 18, '400.00'),
(1039, 18, '400.00'),
(1040, 18, '400.00'),
(1041, 18, '400.00'),
(1042, 18, '400.00'),
(1043, 18, '400.00'),
(1044, 18, '400.00'),
(1045, 18, '400.00'),
(1046, 18, '400.00'),
(1047, 18, '400.00'),
(1048, 18, '400.00'),
(1049, 18, '400.00'),
(1050, 18, '400.00'),
(1051, 18, '400.00'),
(1052, 18, '400.00'),
(1053, 18, '400.00'),
(1054, 18, '400.00'),
(1055, 18, '400.00'),
(1056, 18, '400.00'),
(1057, 18, '400.00'),
(1058, 18, '400.00'),
(1059, 18, '400.00'),
(1060, 18, '400.00'),
(1061, 18, '400.00'),
(1062, 18, '400.00'),
(1063, 18, '400.00'),
(1064, 18, '400.00'),
(1065, 18, '400.00'),
(1066, 18, '400.00'),
(1067, 18, '400.00'),
(1068, 18, '400.00'),
(1069, 18, '400.00'),
(1070, 18, '400.00'),
(1071, 18, '400.00'),
(1072, 18, '400.00'),
(1073, 19, '400.00'),
(1074, 19, '400.00'),
(1075, 19, '400.00'),
(1076, 19, '400.00'),
(1077, 19, '400.00'),
(1078, 19, '400.00'),
(1079, 19, '400.00'),
(1080, 19, '400.00'),
(1081, 19, '400.00'),
(1082, 19, '400.00'),
(1083, 19, '400.00'),
(1084, 19, '400.00'),
(1085, 19, '400.00'),
(1086, 19, '400.00'),
(1087, 19, '400.00'),
(1088, 19, '400.00'),
(1089, 19, '400.00'),
(1090, 19, '400.00'),
(1091, 19, '400.00'),
(1092, 19, '400.00'),
(1093, 19, '400.00'),
(1094, 19, '400.00'),
(1095, 19, '400.00'),
(1096, 19, '400.00'),
(1097, 19, '400.00'),
(1098, 19, '400.00'),
(1099, 19, '400.00'),
(1100, 19, '400.00'),
(1101, 19, '400.00'),
(1102, 19, '400.00'),
(1103, 19, '400.00'),
(1104, 19, '400.00'),
(1105, 19, '400.00'),
(1106, 19, '400.00'),
(1107, 19, '400.00'),
(1108, 19, '400.00'),
(1109, 19, '400.00'),
(1110, 19, '400.00'),
(1111, 19, '400.00'),
(1112, 19, '400.00'),
(1113, 19, '400.00'),
(1114, 19, '400.00'),
(1115, 19, '400.00'),
(1116, 19, '400.00'),
(1117, 19, '400.00'),
(1118, 19, '400.00'),
(1119, 19, '400.00'),
(1120, 19, '400.00'),
(1121, 19, '400.00'),
(1122, 19, '400.00'),
(1123, 19, '400.00'),
(1124, 19, '400.00'),
(1125, 19, '400.00'),
(1126, 19, '400.00'),
(1127, 19, '400.00'),
(1128, 19, '400.00'),
(1129, 19, '400.00'),
(1130, 19, '400.00'),
(1131, 19, '400.00'),
(1132, 19, '400.00'),
(1133, 19, '400.00'),
(1134, 19, '400.00'),
(1135, 19, '400.00'),
(1136, 19, '400.00'),
(1137, 19, '400.00'),
(1138, 19, '400.00'),
(1139, 19, '400.00'),
(1140, 19, '400.00'),
(1141, 19, '400.00'),
(1142, 19, '400.00'),
(1143, 19, '400.00'),
(1144, 19, '400.00'),
(1145, 19, '400.00'),
(1146, 19, '400.00'),
(1147, 19, '400.00'),
(1148, 19, '400.00'),
(1149, 19, '400.00'),
(1150, 19, '400.00'),
(1151, 19, '400.00'),
(1152, 19, '400.00'),
(1153, 19, '400.00'),
(1154, 19, '400.00'),
(1155, 19, '400.00'),
(1156, 19, '400.00'),
(1157, 19, '400.00'),
(1158, 19, '400.00'),
(1159, 19, '400.00'),
(1160, 19, '400.00'),
(1161, 19, '400.00'),
(1162, 19, '400.00'),
(1163, 19, '400.00'),
(1164, 19, '400.00'),
(1165, 19, '400.00'),
(1166, 19, '400.00'),
(1167, 19, '400.00'),
(1168, 19, '400.00'),
(1169, 19, '400.00'),
(1170, 19, '400.00'),
(1171, 19, '400.00'),
(1172, 19, '400.00'),
(1173, 19, '400.00'),
(1174, 19, '400.00'),
(1175, 19, '400.00'),
(1176, 19, '400.00'),
(1177, 19, '400.00'),
(1178, 19, '400.00'),
(1179, 19, '400.00'),
(1180, 19, '400.00'),
(1181, 19, '400.00'),
(1182, 19, '400.00'),
(1183, 19, '400.00'),
(1184, 19, '400.00'),
(1185, 19, '400.00'),
(1186, 19, '400.00'),
(1187, 19, '400.00'),
(1188, 19, '400.00'),
(1189, 19, '400.00'),
(1190, 19, '400.00'),
(1191, 19, '400.00'),
(1192, 19, '400.00'),
(1193, 19, '400.00'),
(1194, 19, '400.00'),
(1195, 19, '400.00'),
(1196, 19, '400.00'),
(1197, 19, '400.00'),
(1198, 19, '400.00'),
(1199, 19, '400.00'),
(1200, 19, '400.00'),
(1201, 19, '400.00'),
(1202, 19, '400.00'),
(1203, 19, '400.00'),
(1204, 19, '400.00'),
(1205, 19, '400.00'),
(1206, 19, '400.00'),
(1207, 19, '400.00'),
(1208, 19, '400.00'),
(1209, 19, '400.00'),
(1210, 19, '400.00'),
(1211, 19, '400.00'),
(1212, 19, '400.00');

--
-- Индексы сохранённых таблиц
--

--
-- Индексы таблицы `Cinema_halls`
--
ALTER TABLE `Cinema_halls`
  ADD PRIMARY KEY (`hall_id`),
  ADD UNIQUE KEY `hall_id_UNIQUE` (`hall_id`);

--
-- Индексы таблицы `Cinema_sessions`
--
ALTER TABLE `Cinema_sessions`
  ADD PRIMARY KEY (`session_id`),
  ADD UNIQUE KEY `session_id_UNIQUE` (`session_id`),
  ADD KEY `hall_id_index` (`cinema_hall_id`) USING BTREE,
  ADD KEY `film_id_index` (`film_id`);

--
-- Индексы таблицы `Films`
--
ALTER TABLE `Films`
  ADD PRIMARY KEY (`film_id`),
  ADD KEY `fk_Films_1_idx` (`rental_company`);

--
-- Индексы таблицы `Prices`
--
ALTER TABLE `Prices`
  ADD PRIMARY KEY (`price_id`),
  ADD UNIQUE KEY `price_id_UNIQUE` (`price_id`),
  ADD KEY `fk_Prices_1_idx` (`film_id`);

--
-- Индексы таблицы `Rental_companies`
--
ALTER TABLE `Rental_companies`
  ADD PRIMARY KEY (`company_id`),
  ADD UNIQUE KEY `company_id_UNIQUE` (`company_id`);

--
-- Индексы таблицы `Scheme_halls`
--
ALTER TABLE `Scheme_halls`
  ADD PRIMARY KEY (`scheme_id`),
  ADD UNIQUE KEY `scheme_id_UNIQUE` (`scheme_id`),
  ADD KEY `hall_id_index` (`hall_id`) USING BTREE;

--
-- Индексы таблицы `Tikets`
--
ALTER TABLE `Tikets`
  ADD PRIMARY KEY (`tiket_id`),
  ADD UNIQUE KEY `tiket_id_UNIQUE` (`tiket_id`),
  ADD KEY `fk_Tikets_1_idx` (`session_id`);

--
-- AUTO_INCREMENT для сохранённых таблиц
--

--
-- AUTO_INCREMENT для таблицы `Cinema_halls`
--
ALTER TABLE `Cinema_halls`
  MODIFY `hall_id` int NOT NULL AUTO_INCREMENT, AUTO_INCREMENT=4;

--
-- AUTO_INCREMENT для таблицы `Cinema_sessions`
--
ALTER TABLE `Cinema_sessions`
  MODIFY `session_id` int NOT NULL AUTO_INCREMENT, AUTO_INCREMENT=20;

--
-- AUTO_INCREMENT для таблицы `Films`
--
ALTER TABLE `Films`
  MODIFY `film_id` int NOT NULL AUTO_INCREMENT, AUTO_INCREMENT=9;

--
-- AUTO_INCREMENT для таблицы `Prices`
--
ALTER TABLE `Prices`
  MODIFY `price_id` int NOT NULL AUTO_INCREMENT, AUTO_INCREMENT=5;

--
-- AUTO_INCREMENT для таблицы `Rental_companies`
--
ALTER TABLE `Rental_companies`
  MODIFY `company_id` int NOT NULL AUTO_INCREMENT, AUTO_INCREMENT=6;

--
-- AUTO_INCREMENT для таблицы `Scheme_halls`
--
ALTER TABLE `Scheme_halls`
  MODIFY `scheme_id` int NOT NULL AUTO_INCREMENT, AUTO_INCREMENT=301;

--
-- AUTO_INCREMENT для таблицы `Tikets`
--
ALTER TABLE `Tikets`
  MODIFY `tiket_id` int NOT NULL AUTO_INCREMENT, AUTO_INCREMENT=1213;

--
-- Ограничения внешнего ключа сохраненных таблиц
--

--
-- Ограничения внешнего ключа таблицы `Cinema_sessions`
--
ALTER TABLE `Cinema_sessions`
  ADD CONSTRAINT `fk_Cinema_sessions_1` FOREIGN KEY (`film_id`) REFERENCES `Films` (`film_id`) ON DELETE CASCADE ON UPDATE CASCADE,
  ADD CONSTRAINT `fk_Cinema_sessions_2` FOREIGN KEY (`cinema_hall_id`) REFERENCES `Cinema_halls` (`hall_id`) ON DELETE CASCADE ON UPDATE CASCADE;

--
-- Ограничения внешнего ключа таблицы `Films`
--
ALTER TABLE `Films`
  ADD CONSTRAINT `fk_Films_1` FOREIGN KEY (`rental_company`) REFERENCES `Rental_companies` (`company_id`) ON DELETE CASCADE ON UPDATE CASCADE;

--
-- Ограничения внешнего ключа таблицы `Prices`
--
ALTER TABLE `Prices`
  ADD CONSTRAINT `fk_Prices_1` FOREIGN KEY (`film_id`) REFERENCES `Films` (`film_id`) ON DELETE CASCADE ON UPDATE CASCADE;

--
-- Ограничения внешнего ключа таблицы `Scheme_halls`
--
ALTER TABLE `Scheme_halls`
  ADD CONSTRAINT `fk_Scheme_halls_1` FOREIGN KEY (`hall_id`) REFERENCES `Cinema_halls` (`hall_id`) ON DELETE CASCADE ON UPDATE CASCADE;

--
-- Ограничения внешнего ключа таблицы `Tikets`
--
ALTER TABLE `Tikets`
  ADD CONSTRAINT `fk_Tikets_1` FOREIGN KEY (`session_id`) REFERENCES `Cinema_sessions` (`session_id`) ON DELETE CASCADE ON UPDATE CASCADE;
COMMIT;

/*!40101 SET CHARACTER_SET_CLIENT=@OLD_CHARACTER_SET_CLIENT */;
/*!40101 SET CHARACTER_SET_RESULTS=@OLD_CHARACTER_SET_RESULTS */;
/*!40101 SET COLLATION_CONNECTION=@OLD_COLLATION_CONNECTION */;
