-- Наполнение таблицы clients (Клиенты)
INSERT INTO clients (id, surname, name, email, phone, age)
VALUES (1, 'Иванов', 'Иван', 'ivanov@test.ru', '+79101112233', 20),
       (2, 'Петров', 'Петр', 'petrov@test.ru', '+79102223344', 18),
       (3, 'Васильев', 'Василий', 'vasiliev@test.ru', '+79103334455', 23),
       (4, 'Степанов', 'Степан', 'stepanov@test.ru', '+79104445566', 19);

-- Наполнение таблицы genres (Жанры)
INSERT INTO genres (id, name)
VALUES (1, 'Ужасы'),
       (2, 'Боевик'),
       (3, 'Мелодрама');

-- Наполнение таблицы movies (Фильмы)
INSERT INTO movies (id, genre_id, name, description, duration, age_limit, rating)
VALUES (1, 1, 'Фильм ужасов', 'Описание фильма ужасов', 120, 21, 7.9),
       (2, 2, 'Фильм боевик', 'Описание боевика', 140, 18, 8.5),
       (3, 3, 'Фильм мелодрама', 'Описание мелодрамы', 100, 16, 6.8);

-- Наполнение таблицы halls (Кинозалы)
INSERT INTO halls (id, name, seat_count)
VALUES (1, 'Большой зал', 50),
       (2, 'Средний зал', 30),
       (3, 'Малый зал', 10);

-- Наполнение таблицы seats (Места кинозала)
INSERT INTO seats (id, hall_id, number, row)
VALUES (1, 1, 1, 1),
       (2, 1, 2, 1),
       (3, 1, 3, 1),
       (4, 1, 1, 2),
       (5, 1, 2, 2),
       (6, 1, 3, 2),

       (7, 2, 1, 1),
       (8, 2, 2, 1),
       (9, 2, 3, 1),
       (10, 2, 1, 2),
       (11, 2, 2, 2),
       (12, 2, 3, 2),

       (13, 3, 1, 1),
       (14, 3, 2, 1),
       (15, 3, 3, 1),
       (16, 3, 1, 2),
       (17, 3, 2, 2),
       (18, 3, 3, 2);

-- Наполнение таблицы session (Сеансы)
INSERT INTO sessions (id, hall_id, movie_id, started_at, ended_at)
VALUES (1, 1, 1, '2024-12-17 10:00:00', '2024-12-17 12:00:00'),
       (2, 2, 1, '2024-12-17 10:00:00', '2024-12-17 12:00:00'),
       (3, 2, 2, '2024-12-17 13:00:00', '2024-12-17 15:20:00'),
       (4, 3, 3, '2024-12-17 10:00:00', '2024-12-17 11:40:00');

-- Наполнение таблицы prices (Цены)
INSERT INTO prices (id, session_id, seat_id, price)
VALUES (1, 1, 1, 250),
       (2, 2, 7, 250),
       (3, 3, 8, 200),
       (4, 4, 15, 150);

-- Наполнение таблицы tickets (Билеты)
INSERT INTO tickets (id, client_id, price_id, price)
VALUES (1, 1, 1, 200),
       (2, 2, 2, 200),
       (3, 3, 3, 150),
       (4, 4, 4, 100);